date,S,r,BSM_Price,ML_Price,ML_Price_95CI_Upper,ML_Price_95CI_Lower,Price_Diff
2019-06-06,91.7288,2.12,1.8616,1.8333,1.9036,1.763,-0.0283
2019-06-07,90.7232,2.09,1.3338,1.3474,1.4177,1.2771,0.0136
2019-06-10,91.7038,2.15,1.9874,1.9848,2.0552,1.9145,-0.0025
2019-06-11,91.9864,2.15,2.1791,2.1593,2.2296,2.0889,-0.0198
2019-06-12,90.8146,2.13,1.3058,1.3236,1.3939,1.2532,0.0177
2019-06-13,91.039,2.1,1.3465,1.3399,1.4102,1.2696,-0.0066
2019-06-14,91.2717,2.09,1.4103,1.4119,1.4822,1.3416,0.0016
2019-06-17,90.773,2.09,1.1522,1.1927,1.263,1.1224,0.0405
2019-06-18,92.0114,2.06,1.5756,1.6286,1.6989,1.5583,0.0531
2019-06-19,91.3465,2.03,1.2659,1.3131,1.3834,1.2428,0.0472
2019-06-20,91.5792,2.01,1.31,1.3746,1.4449,1.3043,0.0646
2019-06-21,90.9559,2.07,1.2215,1.2703,1.3406,1.2,0.0488
2019-06-24,90.3076,2.02,0.76,0.7978,0.8681,0.7275,0.0378
2019-06-25,89.5596,2.0,0.5214,0.5429,0.6132,0.4726,0.0215
2019-06-26,90.158,2.05,0.7466,0.7811,0.8514,0.7108,0.0346
2019-06-27,90.4572,2.01,0.7624,0.7793,0.8496,0.709,0.017
2019-06-28,92.9173,2.0,1.6361,1.6578,1.7281,1.5875,0.0217
2019-07-01,94.4798,2.03,2.8497,2.8512,2.9215,2.7809,0.0015
2019-07-02,94.5795,1.98,2.7464,2.7369,2.8072,2.6666,-0.0095
2019-07-03,94.4288,1.96,2.2524,2.2694,2.3397,2.199,0.017
2019-07-05,94.9896,2.04,3.0172,3.0337,3.104,2.9634,0.0165
2019-07-08,94.4707,2.05,2.7207,2.7388,2.8091,2.6685,0.0181
2019-07-09,94.8724,2.07,3.0573,3.0802,3.1505,3.0098,0.0229
2019-07-10,94.5962,2.07,2.8317,2.861,2.9313,2.7907,0.0293
2019-07-11,95.5002,2.13,3.8593,3.9048,3.9752,3.8345,0.0455
2019-07-12,96.5046,2.12,4.5868,4.6718,4.7421,4.6015,0.085
2019-07-15,95.3328,2.09,3.4527,3.5448,3.6151,3.4745,0.0921
2019-07-16,96.3539,2.13,4.5996,4.6479,4.7182,4.5776,0.0483
2019-07-17,95.4081,2.06,3.4184,3.417,3.4873,3.3467,-0.0014
2019-07-18,95.9773,2.04,3.7465,3.784,3.8543,3.7137,0.0375
2019-07-19,95.0315,2.05,3.0682,3.0828,3.1531,3.0125,0.0146
2019-07-22,95.6425,2.05,3.5734,3.5666,3.6369,3.4963,-0.0068
2019-07-23,97.3918,2.08,5.1754,5.1724,5.2427,5.1021,-0.003
2019-07-24,97.7851,2.05,5.3477,5.3597,5.43,5.2894,0.012
2019-07-25,96.8477,2.08,4.6962,4.7101,4.7804,4.6398,0.0139
2019-07-26,97.2746,2.08,5.1088,5.1189,5.1892,5.0486,0.0101
2019-07-29,96.9649,2.06,4.7161,4.7489,4.8192,4.6786,0.0328
2019-07-30,96.7473,2.06,4.3783,4.4366,4.5069,4.3663,0.0583
2019-07-31,97.0904,2.02,4.3498,4.3902,4.4605,4.3199,0.0404
2019-08-01,94.5293,1.9,1.7543,1.8198,1.8901,1.7494,0.0654
2019-08-02,94.5209,1.86,1.943,1.9695,2.0398,1.8992,0.0265
2019-08-05,91.7086,1.75,0.5561,0.5694,0.6398,0.4991,0.0133
2019-08-06,92.4284,1.73,0.9829,1.017,1.0873,0.9467,0.0341
2019-08-07,90.4197,1.71,0.4813,0.4651,0.5355,0.3948,-0.0161
2019-08-08,91.9513,1.72,0.959,0.9129,0.9832,0.8426,-0.0461
2019-08-09,91.8509,1.74,1.0357,0.9988,1.0691,0.9284,-0.037
2019-08-12,90.1267,1.65,0.4581,0.4618,0.5321,0.3915,0.0037
2019-08-13,91.5161,1.68,0.8281,0.801,0.8713,0.7307,-0.0271
2019-08-14,87.7162,1.59,0.1821,0.1716,0.2419,0.1013,-0.0105
2019-08-15,88.051,1.52,0.3374,0.2974,0.3677,0.2271,-0.04
2019-08-16,90.1602,1.55,0.6697,0.6713,0.7416,0.601,0.0016
2019-08-19,90.9721,1.6,1.0593,0.9799,1.0502,0.9096,-0.0795
2019-08-20,89.817,1.55,0.734,0.6986,0.7689,0.6283,-0.0354
2019-08-21,90.0682,1.59,0.7763,0.7329,0.8032,0.6625,-0.0434
2019-08-22,90.9972,1.62,1.0343,1.047,1.1173,0.9767,0.0127
2019-08-23,88.7373,1.52,0.4849,0.469,0.5393,0.3987,-0.0159
2019-08-26,89.4488,1.54,0.6781,0.606,0.6764,0.5357,-0.0721
2019-08-27,88.5029,1.5002,0.5047,0.4611,0.5314,0.3908,-0.0436
2019-08-28,89.3902,1.5002,0.6474,0.6165,0.6868,0.5462,-0.0309
2019-08-29,91.4157,1.5002,1.0944,1.0791,1.1494,1.0087,-0.0153
2019-08-30,91.9513,1.5002,1.2489,1.2176,1.2879,1.1473,-0.0312
2019-09-03,90.8633,1.5002,0.9852,0.9421,1.0124,0.8718,-0.0431
2019-09-04,91.9597,1.5002,1.1113,1.0657,1.136,0.9954,-0.0456
2019-09-05,94.0522,1.57,1.9748,1.846,1.9163,1.7757,-0.1288
2019-09-06,94.2531,1.55,1.982,1.8824,1.9527,1.8121,-0.0997
2019-09-09,96.5882,1.63,3.2925,3.1997,3.27,3.1294,-0.0928
2019-09-10,97.8186,1.72,4.5572,4.4625,4.5328,4.3922,-0.0947
2019-09-11,98.0865,1.75,4.7795,4.708,4.7783,4.6377,-0.0715
2019-09-12,98.6891,1.79,5.3731,5.3162,5.3865,5.2459,-0.0569
2019-09-13,100.6309,1.9,7.1017,7.0898,7.1601,7.0195,-0.0119
2019-09-16,99.7353,1.84,5.9777,5.9263,5.9966,5.856,-0.0514
2019-09-17,99.2415,1.81,5.3676,5.3313,5.4016,5.261,-0.0363
2019-09-18,100.2375,1.8,6.1323,6.089,6.1593,6.0187,-0.0433
2019-09-19,99.9195,1.79,5.7376,5.7038,5.7741,5.6334,-0.0339
2019-09-20,99.5177,1.74,5.1202,5.0499,5.1202,4.9795,-0.0704
2019-09-23,99.501,1.72,5.0001,4.9612,5.0316,4.8909,-0.0388
2019-09-24,98.2037,1.64,3.3092,3.3047,3.375,3.2344,-0.0046
2019-09-25,98.7644,1.73,4.3316,4.3347,4.405,4.2644,0.0031
2019-09-26,97.9525,1.7,3.4878,3.5273,3.5976,3.457,0.0395
2019-09-27,98.5301,1.69,3.8972,3.8878,3.9581,3.8175,-0.0094
2019-09-30,98.505,1.68,3.7074,3.7407,3.811,3.6703,0.0333
2019-10-01,96.7138,1.65,2.3806,2.4239,2.4942,2.3536,0.0433
2019-10-02,94.7887,1.6,1.3564,1.3964,1.4667,1.3261,0.04
2019-10-03,94.6537,1.54,1.2819,1.3319,1.4022,1.2616,0.05
2019-10-04,96.7039,1.52,1.9138,1.9519,2.0223,1.8816,0.0381
2019-10-07,96.493,1.56,2.1285,2.118,2.1884,2.0477,-0.0104
2019-10-08,94.3416,1.54,0.9632,0.9644,1.0347,0.8941,0.0012
2019-10-09,95.025,1.59,1.4565,1.5534,1.6237,1.483,0.0968
2019-10-10,96.358,1.67,2.4224,2.397,2.4673,2.3267,-0.0254
2019-10-11,97.9863,1.76,3.9781,3.9483,4.0186,3.878,-0.0299
2019-10-14,98.2479,1.765,4.1632,4.1352,4.2055,4.0649,-0.028
2019-10-15,101.2092,1.77,6.6094,6.5862,6.6566,6.5159,-0.0232
2019-10-16,100.973,1.75,6.4489,6.3971,6.4674,6.3268,-0.0518
2019-10-17,101.5383,1.76,6.9815,6.9371,7.0074,6.8668,-0.0444
2019-10-18,101.7154,1.76,7.1375,7.0856,7.1559,7.0153,-0.0519
2019-10-21,104.2381,1.8,9.718,9.6866,9.7569,9.6162,-0.0314
2019-10-22,105.2842,1.78,10.6105,10.5822,10.6525,10.5118,-0.0283
2019-10-23,105.5627,1.77,10.7815,10.7613,10.8316,10.691,-0.0202
2019-10-24,105.4867,1.77,10.7087,10.6882,10.7585,10.6179,-0.0205
2019-10-25,106.3304,1.8,11.7366,11.723,11.7933,11.6527,-0.0136
2019-10-28,106.7354,1.85,12.5126,12.503,12.5734,12.4327,-0.0096
2019-10-29,106.6679,1.84,12.3694,12.3667,12.437,12.2964,-0.0027
2019-10-30,106.0773,1.78,11.3066,11.3022,11.3725,11.2319,-0.0044
2019-10-31,105.3939,1.69,9.9165,9.9191,9.9894,9.8488,0.0026
2019-11-01,107.8238,1.73,12.6142,12.617,12.6873,12.5467,0.0028
2019-11-04,108.6844,1.79,13.9393,13.9417,14.012,13.8714,0.0024
2019-11-05,108.9206,1.86,14.7216,14.7226,14.7929,14.6523,0.001
2019-11-06,109.0893,1.81,14.4914,14.4917,14.562,14.4214,0.0003
2019-11-07,109.6799,1.92,15.9444,15.9445,16.0148,15.8742,0.0001
2019-11-08,110.0005,1.94,16.421,16.421,16.4913,16.3507,0.0
2019-11-11,109.6124,1.93,15.9549,15.9549,16.0252,15.8846,0.0
2019-11-12,108.9712,1.92,15.2358,15.2358,15.3061,15.1655,-0.0
2019-11-13,108.3975,1.88,14.3488,14.3488,14.4191,14.2785,0.0
2019-11-14,108.4987,1.82,13.9787,13.9789,14.0493,13.9086,0.0003
2019-11-15,109.2833,1.84,14.9206,14.9206,14.991,14.8503,0.0
2019-11-18,110.203,1.81,15.604,15.604,15.6743,15.5337,0.0
2019-11-19,110.1692,1.79,15.4124,15.4124,15.4827,15.3421,0.0
2019-11-20,109.3677,1.73,14.1359,14.1359,14.2063,14.0656,0.0
2019-11-21,109.6208,1.77,14.7059,14.7059,14.7763,14.6356,0.0
2019-11-22,110.3464,1.77,15.4315,15.4315,15.5019,15.3612,0.0
2019-11-25,110.937,1.76,15.943,15.943,16.0133,15.8727,0.0
2019-11-26,111.0888,1.74,15.9364,15.9364,16.0067,15.8661,0.0
2019-11-27,111.4179,1.77,16.503,16.503,16.5733,16.4327,0.0
2019-11-29,111.1648,1.78,16.329,16.329,16.3993,16.2587,0.0
2019-12-02,110.9201,1.83,16.4786,16.4786,16.549,16.4083,0.0
2019-12-03,109.4943,1.72,14.1831,14.1831,14.2534,14.1128,0.0
2019-12-04,111.6541,1.77,16.7393,16.7393,16.8096,16.6689,0.0
2019-12-05,112.2616,1.8,17.5837,17.5837,17.654,17.5134,0.0
2019-12-06,113.9321,1.84,19.5693,19.5693,19.6396,19.499,0.0
2019-12-09,113.4006,1.83,18.9591,18.9591,19.0294,18.8888,0.0
2019-12-10,113.4765,1.85,19.1923,19.1923,19.2626,19.122,0.0
2019-12-11,113.2065,1.79,18.4497,18.4497,18.52,18.3794,-0.0
2019-12-12,116.4426,1.9,22.5504,22.5504,22.6207,22.4801,0.0
2019-12-13,115.4254,1.82,20.9052,20.9052,20.9755,20.8349,-0.0
2019-12-16,115.8725,1.89,21.9021,21.9021,21.9724,21.8318,0.0
2019-12-17,116.4426,1.89,22.4721,22.4721,22.5424,22.4018,0.0
2019-12-18,116.4426,1.92,22.7068,22.7068,22.7771,22.6364,0.0
2019-12-19,115.881,1.92,22.1452,22.1452,22.2155,22.0749,0.0
2019-12-20,115.7882,1.92,22.0524,22.0524,22.1227,21.9821,0.0
2019-12-23,115.7544,1.93,22.0967,22.0967,22.167,22.0264,0.0
2019-12-24,116.0751,1.9,22.1829,22.1829,22.2532,22.1126,-0.0
2019-12-26,116.4426,1.9,22.5504,22.5504,22.6207,22.4801,-0.0
2019-12-27,116.4426,1.88,22.3938,22.3938,22.4641,22.3235,-0.0
