date,delta,gamma,vega,theta,rho,pred_vol,two_step_price
2018-08-14,0.8972858855150454,0.03443183972714529,4.787547034964438,-227.17961892257622,6.389821217171424,0.1942755190467685,6.477234470853347
2018-08-16,0.8952283595940255,0.03488418230500242,4.862014565451482,-225.55282029158886,6.384545572909399,0.19433202308334102,6.436693436099475
2018-08-21,0.907264877873083,0.03209939625915357,4.467836479052573,-227.0893096669813,6.489368214637998,0.19222266938823604,6.69880667767093
2018-08-22,0.8975403889006084,0.03592517821782039,4.792258720239897,-223.01372687339972,6.432752365975099,0.1853470746579247,6.217796914147058
2018-08-23,0.8870074209496863,0.03804346449548012,5.131596389696018,-220.68163038086703,6.350084757617962,0.1882053115319952,6.058878484591062
2018-08-27,0.9562920409203965,0.019698347248341224,2.521466179219291,-237.8406201127264,6.878055852802868,0.17259203979466614,7.679100260671802
2018-08-30,0.9300805967973802,0.029195418568938317,3.605747878211948,-232.5506921028355,6.668191025160382,0.17094817516586788,6.5819880623274685
2018-09-04,0.9377848540174615,0.02667134514315122,3.2927488541215713,-236.7351159784865,6.705653227128295,0.17100118189462804,6.81947437764957
2018-09-05,0.9336301516223618,0.029515405834464575,3.445568653793182,-235.68901701147337,6.675674390315417,0.16327968702547419,6.369877353432059
2018-09-07,0.9423150803156671,0.02742324821932122,3.08106215838584,-240.06280392253367,6.72176918112073,0.15788858206198744,6.4155145144220285
2018-09-10,0.9337602558781535,0.03174065672678912,3.4139164942106093,-238.0043909433102,6.657455163762216,0.15277530323730598,5.936350538060225
2018-09-11,0.9589954209830244,0.02176022890127844,2.347760810312766,-246.3427189628447,6.829166804084715,0.1513295874244295,6.753431147811824
2018-09-12,0.9304124848646892,0.03419870829327518,3.5267595502685984,-238.95125942687423,6.616638603622177,0.14811800790998575,5.644653307413748
2018-09-13,0.9349289777426022,0.03115394922990835,3.361497694903221,-240.08909152938233,6.649483362006165,0.15377592514715344,5.995855286173352
2018-09-14,0.942666261249935,0.028795762479139217,3.044304217510286,-243.08931149523642,6.698333912525946,0.15072358723602283,6.104379571185575
2018-09-17,0.9542902410051691,0.024597152080167228,2.5497795223761863,-245.80890704390816,6.788222654600539,0.14690670161331393,6.354406694895843
2018-09-18,0.9739492583516255,0.015783083546190884,1.613466887716903,-254.13417450913408,6.905544795053077,0.14371072840960236,7.117703856631223
2018-09-20,0.9977916163697697,0.0017240314252774216,0.19201564715861835,-260.9805364181312,7.079616702493163,0.14535021907590423,10.723978936660757
2018-09-21,0.9971209398271954,0.0022653829802521375,0.2424363128136054,-260.82472036698954,7.0743449075135905,0.1415175610450802,10.09423538446643
2018-09-24,0.9908768595267559,0.005909573510537341,0.6699289428856718,-260.0279165817429,7.018766878176347,0.15282535331260683,9.261298561907111
2018-09-25,0.9888589636706883,0.006905287794453662,0.7952863013080108,-260.81202623122266,6.991047138221597,0.15614349368142327,9.139762751029707
2018-09-26,0.9734556832357264,0.014550591285416394,1.6493063118962097,-254.70954749472747,6.89412753694332,0.15735750306426988,7.775646073902351
2018-10-01,0.954467970606928,0.02286900459411194,2.5342148642744733,-251.9842589121549,6.730907223163414,0.15798575403110937,6.796241037955284
2018-10-02,0.9550411505644737,0.022387683192333575,2.5189053838099076,-249.7305834180933,6.757547299762895,0.159087108645492,6.891986342195949
2018-10-03,0.985605636478231,0.009002976291244061,0.9811701676616172,-263.1104162693812,6.937038316484845,0.15124252238121152,8.406276834109235
2018-10-05,0.993778940143196,0.0044631230520530765,0.4728564725899749,-269.9686503951695,6.954444454676413,0.14605676913687782,9.264826870804598
2018-10-09,0.9963764104684965,0.003041784707353681,0.29176973621103747,-269.3587666396835,6.9866788947698995,0.13246496829907606,9.03925841763025
2018-10-10,0.9756466383555626,0.016226727721636244,1.4975490643743286,-264.82810034032934,6.8224482398304955,0.13451983889688537,6.655443058753335
2018-10-11,0.8112481143085538,0.06823170732576977,6.8669316604255854,-218.81817524594666,5.636809870948358,0.15589639415494028,3.7609646608524514
2018-10-12,0.7172364488016605,0.07462249107588433,8.499775426688451,-195.5813761754133,4.930780684405689,0.1803550847551003,3.2698754117169244
2018-10-15,0.6797115968815235,0.07680309759740923,8.939124993450498,-186.36145582602458,4.6509299940256765,0.18641254895187065,3.023854883809882
2018-10-16,0.7994834698719457,0.05737445738171714,7.156585572878589,-217.54894190248913,5.520225594924988,0.1914783537299433,4.443374499009863
2018-10-18,0.7761144591770843,0.06087020080440071,7.595917404524247,-212.05389893891837,5.342733037673377,0.19344457722714575,4.172290580983727
2018-10-19,0.7874825902481473,0.06111422917574397,7.358912464364362,-216.25917771326576,5.416405022124894,0.1872836714146197,4.173060179535327
2018-10-23,0.6140006952345629,0.08257204421875422,9.460716259260638,-169.45110558471578,4.175017229763659,0.18732637630365442,2.5021873078357046
2018-10-25,0.5693762169372665,0.08505429070089897,9.680771809462694,-156.5964389204634,3.866957368518038,0.1874761897265863,2.1951122383139676
2018-10-26,0.4315954929729365,0.08597464368525753,9.55192688026091,-118.33898672958341,2.910087194307274,0.18813244285939001,1.4115119440587947
2018-10-30,0.6726711565531385,0.0734028445956557,9.050072304225843,-183.18144238656245,4.6082011217237815,0.19613825597560763,3.124317421361596
2018-11-01,0.7958455981924495,0.05477220425708448,7.257934531742673,-215.89643919027648,5.496193866173652,0.2020743476069068,4.643326490573699
2018-11-02,0.8070021379555379,0.0546155811646894,6.9773880425930335,-222.49209484550693,5.544655994335192,0.1969836270644135,4.657309696070158
2018-11-05,0.8434868517056677,0.05048399551699855,6.147416453323992,-230.69290140415313,5.829621954131803,0.18531954080199722,4.94384197958081
2018-11-08,0.9430165288064273,0.022692067524666452,3.020766611539493,-258.2339532084016,6.552826090422947,0.19090489588193468,7.628767066498554
2018-11-09,0.9053983281422296,0.033348244439179775,4.406254103826278,-246.02821765464608,6.293629658971962,0.1932130326892876,6.494672428758392
2018-11-13,0.8365846997988409,0.050578910376746986,6.352377478873192,-225.96602545901035,5.8053936209670916,0.18939874204523321,4.962177962309482
2018-11-15,0.8396089765099749,0.04861482091124393,6.303024112887017,-225.28426785204508,5.840150739756872,0.19381813430720768,5.142919963993222
2018-11-20,0.729618612163811,0.062297405810761965,8.43184853990988,-195.56958578496847,5.038813653474572,0.208423028067794,3.942277706674112
2018-11-26,0.7656519932204191,0.055292077986400213,7.877390654634585,-205.29467704489582,5.295294045578741,0.2161469631606263,4.550214442119291
2018-11-28,0.8312477539101935,0.04486461301734875,6.565549681946557,-221.09798466980072,5.7901599753667465,0.21534907675388623,5.582336170702931
2018-12-04,0.5851513384323586,0.07385771372291772,9.82209866477807,-153.3620558766232,4.038295304033865,0.20947294940182268,2.6143618046028934
2018-12-06,0.4526218461547032,0.06333648543407826,9.791097355717259,-120.20791425391702,3.0587390053108936,0.25303501693011377,2.049844997305044
2018-12-07,0.35647231149290587,0.05765139029325572,9.049001992296201,-95.61211613285973,2.3726643918934034,0.266456528252539,1.4988519073673423
2018-12-10,0.27379809792165,0.05157122131614339,7.929964515760167,-74.30162425578183,1.7954425113922738,0.27107078769674486,1.0444492253248576
2018-12-11,0.25358819652405107,0.048707008336940194,7.551225384702677,-69.72848986705071,1.6464926338615578,0.27872132626125423,0.9600749547637406
2018-12-12,0.2898240877277908,0.05104805982695988,8.123062931610203,-79.71564622762254,1.888645766041959,0.28240858145341863,1.1680287995347811
2018-12-14,0.23954547115452568,0.049457398082147164,7.318393087325272,-65.74979431799436,1.558527462397441,0.26645334530049664,0.8527790867901679
2018-12-18,0.15965332088226408,0.038782278042096954,5.625788838038266,-43.81252740332374,1.024809900415806,0.2705682893600383,0.5080361570063783
2018-12-20,0.10123892339561164,0.0282961344177024,4.013283286750115,-28.012530892048524,0.638091319559383,0.27613440326830296,0.2910208685755995
2018-12-21,0.05332728870056142,0.01818291436864525,2.402091025156953,-14.928901069926074,0.3297579654155383,0.26980689928682516,0.1305815402316064
2018-12-26,0.08511246570966574,0.025984063380155843,3.512195351136917,-23.645920498106364,0.5350988191943958,0.26585405777888604,0.22692034650822812
