date,jpm_close,vix,treasury_rate
2018-01-02,86.34088134765625,9.770000457763672,2.46
2018-01-03,86.42887115478516,9.149999618530273,2.44
2018-01-04,87.66702270507812,9.220000267028809,2.46
2018-01-05,87.1042251586914,9.220000267028809,2.47
2018-01-08,87.23287200927734,9.520000457763672,2.49
2018-01-09,87.67504119873047,10.079999923706055,2.55
2018-01-10,88.63983154296875,9.819999694824219,2.55
2018-01-11,89.11420440673828,9.880000114440918,2.54
2018-01-12,90.58549499511719,10.15999984741211,2.55
2018-01-16,90.2638931274414,11.65999984741211,2.54
2018-01-17,90.84276580810547,11.90999984741211,2.57
2018-01-18,91.05982971191406,12.220000267028809,2.62
2018-01-19,90.85885620117188,11.270000457763672,2.64
2018-01-22,91.92012023925781,11.029999732971191,2.66
2018-01-23,91.82363891601562,11.100000381469727,2.63
2018-01-24,92.99748229980469,11.470000267028809,2.65
2018-01-25,93.02159881591797,11.579999923706055,2.63
2018-01-26,93.52006530761719,11.079999923706055,2.66
2018-01-29,93.423583984375,13.84000015258789,2.7
2018-01-30,92.54722595214844,14.789999961853027,2.73
2018-01-31,92.99748229980469,13.539999961853027,2.72
2018-02-01,93.96227264404297,13.470000267028809,2.78
2018-02-02,91.87992095947266,17.309999465942383,2.84
2018-02-05,87.47407531738281,37.31999969482422,2.77
2018-02-06,90.13524627685547,29.979999542236328,2.79
2018-02-07,90.74628448486328,27.729999542236328,2.84
2018-02-08,86.7343978881836,33.459999084472656,2.85
2018-02-09,88.47099304199219,29.059999465942383,2.83
2018-02-12,89.83777618408203,25.610000610351562,2.86
2018-02-13,90.39256286621094,24.969999313354492,2.83
2018-02-14,92.48291015625,19.260000228881836,2.91
2018-02-15,92.86882019042969,19.1299991607666,2.9
2018-02-16,92.20149993896484,19.459999084472656,2.87
2018-02-20,92.22564697265625,20.600000381469727,2.88
2018-02-21,92.61155700683594,20.020000457763672,2.94
2018-02-22,92.44271087646484,18.719999313354492,2.92
2018-02-23,94.31599426269531,16.489999771118164,2.88
2018-02-26,95.4898452758789,15.800000190734863,2.86
2018-02-27,94.3562240600586,18.59000015258789,2.9
2018-02-28,92.86080169677734,19.850000381469727,2.87
2018-03-01,91.19654083251953,22.469999313354492,2.81
2018-03-02,91.10811614990234,19.59000015258789,2.86
2018-03-05,92.50704193115234,18.729999542236328,2.88
2018-03-06,92.58743286132812,18.360000610351562,2.88
2018-03-07,92.2417221069336,17.760000228881836,2.89
2018-03-08,92.24974060058594,16.540000915527344,2.86
2018-03-09,94.90291595458984,14.640000343322754,2.9
2018-03-12,94.59740447998047,15.779999732971191,2.87
2018-03-13,93.46378326416016,16.350000381469727,2.84
2018-03-14,92.41859436035156,17.229999542236328,2.81
2018-03-15,92.65174865722656,16.59000015258789,2.82
2018-03-16,92.81256103515625,15.800000190734863,2.85
2018-03-19,92.08091735839844,19.020000457763672,2.85
2018-03-20,92.16935729980469,18.200000762939453,2.89
2018-03-21,92.24974060058594,17.860000610351562,2.89
2018-03-22,88.3986587524414,23.34000015258789,2.83
2018-03-23,86.03491973876953,24.8700008392334,2.82
2018-03-26,88.68807220458984,21.030000686645508,2.85
2018-03-27,86.9675521850586,22.5,2.78
2018-03-28,86.83087158203125,22.8700008392334,2.77
2018-03-29,88.41472625732422,19.969999313354492,2.74
2018-04-02,86.71028900146484,23.6200008392334,2.73
2018-04-03,87.9001693725586,21.100000381469727,2.79
2018-04-04,89.23480224609375,20.059999465942383,2.79
2018-04-05,90.40647888183594,18.940000534057617,2.83
2018-04-06,88.1519775390625,21.489999771118164,2.77
2018-04-09,89.21054077148438,21.770000457763672,2.78
2018-04-10,90.91558074951172,20.469999313354492,2.8
2018-04-11,89.38832092285156,20.239999771118164,2.79
2018-04-12,91.61051177978516,18.489999771118164,2.83
2018-04-13,89.12975311279297,17.40999984741211,2.82
2018-04-16,89.05701446533203,16.559999465942383,2.83
2018-04-17,89.05701446533203,15.25,2.82
2018-04-18,88.33784484863281,15.600000381469727,2.87
2018-04-19,90.27719116210938,15.960000038146973,2.92
2018-04-20,90.0751953125,16.8799991607666,2.96
2018-04-23,89.63883209228516,16.34000015258789,2.98
2018-04-24,89.21863555908203,18.020000457763672,3.0
2018-04-25,88.87922668457031,17.84000015258789,3.03
2018-04-26,88.96813201904297,16.239999771118164,3.0
2018-04-27,88.40250396728516,15.40999984741211,2.96
2018-04-30,87.90147399902344,15.930000305175781,2.95
2018-05-01,87.90147399902344,15.489999771118164,2.97
2018-05-02,87.20653533935547,15.970000267028809,2.97
2018-05-03,86.65703582763672,15.899999618530273,2.94
2018-05-04,87.61864471435547,14.770000457763672,2.95
2018-05-07,88.37825012207031,14.75,2.95
2018-05-08,89.68733215332031,14.710000038146973,2.97
2018-05-09,91.64283752441406,13.420000076293945,3.0
2018-05-10,92.35395812988281,13.229999542236328,2.97
2018-05-11,92.0064697265625,12.649999618530273,2.97
2018-05-14,92.03877258300781,12.930000305175781,3.0
2018-05-15,91.33580017089844,14.630000114440918,3.08
2018-05-16,91.58627319335938,13.420000076293945,3.09
2018-05-17,91.27921295166016,13.430000305175781,3.11
2018-05-18,89.80044555664062,13.420000076293945,3.06
2018-05-21,90.62468719482422,13.079999923706055,3.06
2018-05-22,91.31963348388672,13.220000267028809,3.06
2018-05-23,90.89942932128906,12.579999923706055,3.01
2018-05-24,89.8812484741211,12.529999732971191,2.98
2018-05-25,89.420654296875,13.220000267028809,2.93
2018-05-29,85.59850311279297,17.020000457763672,2.77
2018-05-30,87.55400848388672,14.9399995803833,2.84
2018-05-31,86.47119903564453,15.430000305175781,2.83
2018-06-01,87.59440612792969,13.460000038146973,2.89
2018-06-04,87.63481140136719,12.739999771118164,2.94
2018-06-05,87.14189910888672,12.399999618530273,2.92
2018-06-06,89.17822265625,11.640000343322754,2.97
2018-06-07,89.53378295898438,12.130000114440918,2.93
2018-06-08,89.78428649902344,12.180000305175781,2.93
2018-06-11,89.55802917480469,12.350000381469727,2.96
2018-06-12,89.04086303710938,12.34000015258789,2.96
2018-06-13,88.86308288574219,12.9399995803833,2.98
2018-06-14,87.29542541503906,12.119999885559082,2.94
2018-06-15,87.19037628173828,11.979999542236328,2.93
2018-06-18,87.41663360595703,12.3100004196167,2.92
2018-06-19,86.90758514404297,13.350000381469727,2.89
2018-06-20,86.89950561523438,12.789999961853027,2.93
2018-06-21,86.875244140625,14.640000343322754,2.9
2018-06-22,85.45304107666016,13.770000457763672,2.9
2018-06-25,84.67728424072266,17.329999923706055,2.87
2018-06-26,84.73387145996094,15.920000076293945,2.88
2018-06-27,83.42479705810547,17.90999984741211,2.83
2018-06-28,84.79044342041016,16.850000381469727,2.84
2018-06-29,84.20053100585938,16.09000015258789,2.85
2018-07-02,84.9116439819336,15.600000381469727,2.87
2018-07-03,83.72378540039062,16.139999389648438,2.83
2018-07-05,84.26811981201172,14.970000267028809,2.84
2018-07-06,84.54437255859375,13.369999885559082,2.82
2018-07-09,87.16045379638672,12.6899995803833,2.86
2018-07-10,86.62425231933594,12.640000343322754,2.87
2018-07-11,86.43738555908203,13.630000114440918,2.85
2018-07-12,86.81111907958984,12.579999923706055,2.85
2018-07-13,86.41304016113281,12.180000305175781,2.83
2018-07-16,89.84159088134766,12.829999923706055,2.85
2018-07-17,89.7765884399414,12.0600004196167,2.86
2018-07-18,90.61341094970703,12.100000381469727,2.88
2018-07-19,89.28097534179688,12.869999885559082,2.84
2018-07-20,90.4103012084961,12.859999656677246,2.89
2018-07-23,92.09210205078125,12.619999885559082,2.96
2018-07-24,92.74205780029297,12.40999984741211,2.95
2018-07-25,93.57889556884766,12.289999961853027,2.94
2018-07-26,93.31078338623047,12.140000343322754,2.98
2018-07-27,94.26947784423828,13.029999732971191,2.96
2018-07-30,94.83821105957031,14.260000228881836,2.98
2018-07-31,93.39202880859375,12.829999923706055,2.96
2018-08-01,93.9688720703125,13.149999618530273,3.0
2018-08-02,94.36698150634766,12.1899995803833,2.98
2018-08-03,95.13069152832031,11.640000343322754,2.95
2018-08-06,95.15507507324219,11.270000457763672,2.94
2018-08-07,95.5044174194336,10.930000305175781,2.98
2018-08-08,95.69941711425781,10.850000381469727,2.96
2018-08-09,94.96006774902344,11.270000457763672,2.93
2018-08-10,94.02574157714844,13.15999984741211,2.87
2018-08-13,92.53082275390625,14.779999732971191,2.88
2018-08-14,93.1482925415039,13.3100004196167,2.89
2018-08-15,92.37643432617188,14.640000343322754,2.86
2018-08-16,93.24578094482422,13.449999809265137,2.87
2018-08-17,93.24578094482422,12.640000343322754,2.87
2018-08-20,93.12391662597656,12.489999771118164,2.82
2018-08-21,93.69261932373047,12.859999656677246,2.85
2018-08-22,93.40827178955078,12.25,2.82
2018-08-23,93.21330261230469,12.40999984741211,2.82
2018-08-24,93.17266845703125,11.989999771118164,2.82
2018-08-27,94.82196044921875,12.15999984741211,2.85
2018-08-28,94.35884094238281,12.5,2.88
2018-08-29,94.05012512207031,12.25,2.89
2018-08-30,93.58702087402344,13.529999732971191,2.86
2018-08-31,93.09142303466797,12.859999656677246,2.86
2018-09-04,93.55451202392578,13.15999984741211,2.9
2018-09-05,93.09954071044922,13.90999984741211,2.9
2018-09-06,92.70144653320312,14.649999618530273,2.88
2018-09-07,92.88018798828125,14.880000114440918,2.94
2018-09-10,92.38459014892578,14.15999984741211,2.94
2018-09-11,92.96955108642578,13.220000267028809,2.98
2018-09-12,91.87271881103516,13.140000343322754,2.97
2018-09-13,92.23019409179688,12.369999885559082,2.97
2018-09-14,92.21397399902344,12.069999694824219,2.99
2018-09-17,92.49020385742188,13.680000305175781,2.99
2018-09-18,92.8639144897461,12.789999961853027,3.05
2018-09-19,95.56130981445312,11.75,3.08
2018-09-20,96.38187408447266,11.800000190734863,3.07
2018-09-21,95.74816131591797,11.680000305175781,3.07
2018-09-24,94.8301010131836,12.199999809265137,3.08
2018-09-25,94.56197357177734,12.420000076293945,3.1
2018-09-26,93.44890594482422,12.890000343322754,3.06
2018-09-27,93.04268646240234,12.40999984741211,3.06
2018-09-28,91.67774200439453,12.119999885559082,3.05
2018-10-01,92.21397399902344,12.0,3.09
2018-10-02,92.59583282470703,12.050000190734863,3.05
2018-10-03,93.46516418457031,11.609999656677246,3.15
2018-10-04,94.30785369873047,14.220000267028809,3.19
2018-10-05,93.77603912353516,14.819999694824219,3.23
2018-10-08,94.34874725341797,15.6899995803833,
2018-10-09,93.69422912597656,15.949999809265137,3.21
2018-10-10,91.19888305664062,22.959999084472656,3.22
2018-10-11,88.46625518798828,24.979999542236328,3.14
2018-10-12,87.50084686279297,21.309999465942383,3.15
2018-10-15,87.00177764892578,21.299999237060547,3.16
2018-10-16,88.86714935302734,17.6200008392334,3.16
2018-10-17,89.85711669921875,17.399999618530273,3.19
2018-10-18,88.43354034423828,20.059999465942383,3.17
2018-10-19,88.28628540039062,19.889999389648438,3.2
2018-10-22,87.01812744140625,19.639999389648438,3.2
2018-10-23,86.11000061035156,20.709999084472656,3.17
2018-10-24,84.50641632080078,25.229999542236328,3.1
2018-10-25,85.79094696044922,24.219999313354492,3.14
2018-10-26,84.6128158569336,24.15999984741211,3.08
2018-10-29,85.7827377319336,24.700000762939453,3.08
2018-10-30,87.29632568359375,23.350000381469727,3.12
2018-10-31,89.19441223144531,21.229999542236328,3.15
2018-11-01,89.16169738769531,19.34000015258789,3.14
2018-11-02,88.67080688476562,19.510000228881836,3.22
2018-11-05,89.251708984375,19.959999084472656,3.2
2018-11-06,89.66896057128906,19.90999984741211,3.22
2018-11-07,91.20707702636719,16.360000610351562,3.22
2018-11-08,91.9433822631836,16.719999313354492,3.24
2018-11-09,91.0516357421875,17.360000610351562,3.19
2018-11-12,89.13714599609375,20.450000762939453,
2018-11-13,89.66075897216797,20.020000457763672,3.14
2018-11-14,87.81175994873047,21.25,3.12
2018-11-15,90.05348205566406,19.979999542236328,3.11
2018-11-16,89.98800659179688,18.139999389648438,3.08
2018-11-19,90.67526245117188,20.100000381469727,3.06
2018-11-20,88.72809600830078,22.479999542236328,3.06
2018-11-21,88.06538391113281,20.799999237060547,3.06
2018-11-23,87.25542449951172,21.520000457763672,3.05
2018-11-26,89.39079284667969,18.899999618530273,3.07
2018-11-27,89.76712036132812,19.020000457763672,3.06
2018-11-28,90.76527404785156,18.489999771118164,3.06
2018-11-29,90.04529571533203,18.790000915527344,3.03
2018-11-30,90.96980285644531,18.06999969482422,3.01
2018-12-03,91.82884979248047,16.440000534057617,2.98
2018-12-04,87.72994995117188,20.739999771118164,2.91
2018-12-06,86.06092071533203,21.190000534057617,2.87
2018-12-07,84.50641632080078,23.229999542236328,2.85
2018-12-10,82.92741394042969,22.639999389648438,2.85
2018-12-11,82.11746978759766,21.760000228881836,2.89
2018-12-12,82.64922332763672,21.459999084472656,2.91
2018-12-13,82.73104858398438,20.649999618530273,2.91
2018-12-14,82.0519790649414,21.6299991607666,2.89
2018-12-17,81.00476837158203,24.520000457763672,2.86
2018-12-18,80.62024688720703,25.579999923706055,2.82
2018-12-19,79.5975570678711,25.579999923706055,2.77
2018-12-20,78.9103012084961,28.3799991607666,2.79
2018-12-21,77.04491424560547,30.110000610351562,2.79
2018-12-24,75.38410949707031,36.06999969482422,2.74
2018-12-26,78.50941467285156,30.40999984741211,2.81
2018-12-27,79.39302825927734,29.959999084472656,2.77
2018-12-28,79.22120666503906,28.34000015258789,2.72
2018-12-31,79.86756134033203,25.420000076293945,2.69
2019-01-02,81.25022888183594,23.219999313354492,2.66
2019-01-03,80.09552001953125,25.450000762939453,2.56
2019-01-04,83.04827117919922,21.3799991607666,2.67
2019-01-07,83.10599517822266,21.399999618530273,2.7
2019-01-08,82.94927978515625,20.469999313354492,2.73
2019-01-09,82.80906677246094,19.979999542236328,2.74
2019-01-10,82.80081939697266,19.5,2.74
2019-01-11,82.40492248535156,18.190000534057617,2.71
2019-01-14,83.25447082519531,19.06999969482422,2.71
2019-01-15,83.86480712890625,18.600000381469727,2.72
2019-01-16,84.54113006591797,19.040000915527344,2.73
2019-01-17,84.88754272460938,18.059999465942383,2.75
2019-01-18,86.26492309570312,17.799999237060547,2.79
2019-01-22,84.90403747558594,20.799999237060547,2.74
2019-01-23,84.6895751953125,19.520000457763672,2.76
2019-01-24,84.73907470703125,18.889999389648438,2.72
2019-01-25,85.27518463134766,17.420000076293945,2.76
2019-01-28,85.67935943603516,18.8700008392334,2.75
2019-01-29,85.91854095458984,19.1299991607666,2.72
2019-01-30,86.11647033691406,17.65999984741211,2.7
2019-01-31,85.36593627929688,16.56999969482422,2.63
2019-02-01,85.67935943603516,16.139999389648438,2.7
2019-02-04,85.98451232910156,15.729999542236328,2.73
2019-02-05,85.60511016845703,15.569999694824219,2.71
2019-02-06,85.5638656616211,15.380000114440918,2.7
2019-02-07,84.44214630126953,16.3700008392334,2.65
2019-02-08,83.60086059570312,15.720000267028809,2.63
2019-02-11,83.20497131347656,15.970000267028809,2.65
2019-02-12,84.62362670898438,15.430000305175781,2.68
2019-02-13,85.02777099609375,15.649999618530273,2.71
2019-02-14,84.47513580322266,16.219999313354492,2.66
2019-02-15,87.05672454833984,14.90999984741211,2.66
2019-02-19,86.7515640258789,14.880000114440918,2.65
2019-02-20,87.17221069335938,14.020000457763672,2.65
2019-02-21,86.99078369140625,14.460000038146973,2.69
2019-02-22,86.60311889648438,13.510000228881836,2.65
2019-02-25,87.51036834716797,14.850000381469727,2.67
2019-02-26,86.84230041503906,15.170000076293945,2.64
2019-02-27,86.73505401611328,14.699999809265137,2.69
2019-02-28,86.07523345947266,14.779999732971191,2.73
2019-03-01,86.13298797607422,13.569999694824219,2.76
2019-03-04,85.93501281738281,14.630000114440918,2.72
2019-03-05,85.86904907226562,14.739999771118164,2.72
2019-03-06,85.54737091064453,15.739999771118164,2.69
2019-03-07,84.92877960205078,16.59000015258789,2.64
2019-03-08,84.96178436279297,16.049999237060547,2.62
2019-03-11,86.06698608398438,14.329999923706055,2.64
2019-03-12,85.8113021850586,13.770000457763672,2.61
2019-03-13,86.09996795654297,13.40999984741211,2.61
2019-03-14,86.88352966308594,13.5,2.63
2019-03-15,87.88152313232422,12.880000114440918,2.59
2019-03-18,88.40938568115234,13.100000381469727,2.6
2019-03-19,88.08773040771484,13.5600004196167,2.61
2019-03-20,86.20719146728516,13.90999984741211,2.54
2019-03-21,84.84629821777344,13.630000114440918,2.54
2019-03-22,82.28119659423828,16.479999542236328,2.44
2019-03-25,81.59663391113281,16.329999923706055,2.43
2019-03-26,82.41317749023438,14.680000305175781,2.41
2019-03-27,82.13272094726562,15.149999618530273,2.39
2019-03-28,83.06472778320312,14.430000305175781,2.39
2019-03-29,83.4936294555664,13.710000038146973,2.41
2019-04-01,86.30618286132812,13.399999618530273,2.49
2019-04-02,86.71856689453125,13.359999656677246,2.48
2019-04-03,86.89177703857422,13.739999771118164,2.52
2019-04-04,87.7311782836914,13.579999923706055,2.51
2019-04-05,87.52342224121094,12.819999694824219,2.5
2019-04-08,87.80601501464844,13.180000305175781,2.52
2019-04-09,87.15773010253906,14.279999732971191,2.51
2019-04-10,87.54834747314453,13.300000190734863,2.48
2019-04-11,88.28805541992188,13.020000457763672,2.51
2019-04-12,92.42692565917969,12.010000228881836,2.56
2019-04-15,91.37141418457031,12.319999694824219,2.55
2019-04-16,92.33548736572266,12.180000305175781,2.6
2019-04-17,94.99503326416016,12.600000381469727,2.59
2019-04-18,94.2968978881836,12.09000015258789,2.57
2019-04-22,94.41327667236328,12.420000076293945,2.59
2019-04-23,94.52961730957031,12.279999732971191,2.57
2019-04-24,94.37171173095703,13.140000343322754,2.53
2019-04-25,94.42155456542969,13.25,2.54
2019-04-26,95.1363296508789,12.729999542236328,2.51
2019-04-29,96.50765991210938,13.109999656677246,2.54
2019-04-30,96.44947814941406,13.119999885559082,2.51
2019-05-01,95.70978546142578,14.800000190734863,2.52
2019-05-02,95.91754913330078,14.420000076293945,2.55
2019-05-03,96.50765991210938,12.869999885559082,2.54
2019-05-06,95.651611328125,15.4399995803833,2.51
2019-05-07,94.08914184570312,19.31999969482422,2.45
2019-05-08,93.59046936035156,19.399999618530273,2.49
2019-05-09,93.51565551757812,19.100000381469727,2.45
2019-05-10,93.50736236572266,16.040000915527344,2.47
2019-05-13,90.96418762207031,20.549999237060547,2.4
2019-05-14,91.68724060058594,18.059999465942383,2.42
2019-05-15,91.33818817138672,16.440000534057617,2.37
2019-05-16,92.5100326538086,15.289999961853027,2.4
2019-05-17,92.06126403808594,15.960000038146973,2.39
2019-05-20,92.54326629638672,16.309999465942383,2.41
2019-05-21,92.85910034179688,14.949999809265137,2.43
2019-05-22,92.10281372070312,14.75,2.39
2019-05-23,90.29100036621094,16.920000076293945,2.31
2019-05-24,91.18025207519531,15.850000381469727,2.32
2019-05-28,90.19125366210938,17.5,2.26
2019-05-29,89.94192504882812,17.899999618530273,2.25
2019-05-30,88.97785949707031,17.299999237060547,2.22
2019-05-31,88.06363677978516,18.709999084472656,2.14
2019-06-03,88.47919464111328,18.860000610351562,2.07
2019-06-04,91.20521545410156,16.969999313354492,2.12
2019-06-05,91.52932739257812,16.09000015258789,2.12
2019-06-06,91.72881317138672,15.930000305175781,2.12
2019-06-07,90.72318267822266,16.299999237060547,2.09
2019-06-10,91.70384979248047,15.9399995803833,2.15
2019-06-11,91.9864501953125,15.989999771118164,2.15
2019-06-12,90.8145980834961,15.90999984741211,2.13
2019-06-13,91.03897094726562,15.819999694824219,2.1
2019-06-14,91.27169036865234,15.279999732971191,2.09
2019-06-17,90.77302551269531,15.350000381469727,2.09
2019-06-18,92.01138305664062,15.149999618530273,2.06
2019-06-19,91.34651184082031,14.329999923706055,2.03
2019-06-20,91.57921600341797,14.75,2.01
2019-06-21,90.95590209960938,15.399999618530273,2.07
2019-06-24,90.30760192871094,15.260000228881836,2.02
2019-06-25,89.55961608886719,16.280000686645508,2.0
2019-06-26,90.15802764892578,16.209999084472656,2.05
2019-06-27,90.45720672607422,15.819999694824219,2.01
2019-06-28,92.91727447509766,15.079999923706055,2.0
2019-07-01,94.479736328125,14.0600004196167,2.03
2019-07-02,94.57948303222656,12.930000305175781,1.98
2019-07-03,94.42882537841797,12.569999694824219,1.96
2019-07-05,94.98961639404297,13.279999732971191,2.04
2019-07-08,94.47068786621094,13.960000038146973,2.05
2019-07-09,94.8724365234375,14.09000015258789,2.07
2019-07-10,94.59623718261719,13.029999732971191,2.07
2019-07-11,95.50015258789062,12.930000305175781,2.13
2019-07-12,96.50455474853516,12.390000343322754,2.12
2019-07-15,95.3327865600586,12.680000305175781,2.09
2019-07-16,96.35391235351562,12.859999656677246,2.13
2019-07-17,95.4081039428711,13.970000267028809,2.06
2019-07-18,95.97724914550781,13.529999732971191,2.04
2019-07-19,95.03145599365234,14.449999809265137,2.05
2019-07-22,95.64244079589844,13.529999732971191,2.05
2019-07-23,97.39176940917969,12.609999656677246,2.08
2019-07-24,97.7851333618164,12.069999694824219,2.05
2019-07-25,96.84772491455078,12.739999771118164,2.08
2019-07-26,97.27458953857422,12.15999984741211,2.08
2019-07-29,96.96488952636719,12.829999923706055,2.06
2019-07-30,96.74727630615234,13.9399995803833,2.06
2019-07-31,97.09046173095703,16.1200008392334,2.02
2019-08-01,94.52926635742188,17.8700008392334,1.9
2019-08-02,94.5208969116211,17.610000610351562,1.86
2019-08-05,91.70862579345703,24.59000015258789,1.75
2019-08-06,92.42842864990234,20.170000076293945,1.73
2019-08-07,90.41966247558594,19.489999771118164,1.71
2019-08-08,91.95134735107422,16.90999984741211,1.72
2019-08-09,91.85090637207031,17.969999313354492,1.74
2019-08-12,90.12672424316406,21.09000015258789,1.65
2019-08-13,91.51610565185547,17.520000457763672,1.68
2019-08-14,87.71617889404297,22.100000381469727,1.59
2019-08-15,88.05099487304688,21.18000030517578,1.52
2019-08-16,90.16019439697266,18.469999313354492,1.55
2019-08-19,90.9720687866211,16.8799991607666,1.6
2019-08-20,89.8170166015625,17.5,1.55
2019-08-21,90.06812286376953,15.800000190734863,1.59
2019-08-22,90.99716186523438,16.68000030517578,1.62
2019-08-23,88.73731231689453,19.8700008392334,1.52
2019-08-26,89.44876861572266,19.31999969482422,1.54
2019-08-27,88.50296020507812,20.309999465942383,1.49
2019-08-28,89.3901596069336,19.350000381469727,1.47
2019-08-29,91.41567993164062,17.8799991607666,1.5
2019-08-30,91.95134735107422,18.979999542236328,1.5
2019-09-03,90.86325073242188,19.65999984741211,1.47
2019-09-04,91.959716796875,17.329999923706055,1.47
2019-09-05,94.05217742919922,16.270000457763672,1.57
2019-09-06,94.2530746459961,15.0,1.55
2019-09-09,96.58827209472656,15.270000457763672,1.63
2019-09-10,97.81861114501953,15.199999809265137,1.72
2019-09-11,98.08647918701172,14.609999656677246,1.75
2019-09-12,98.68910217285156,14.220000267028809,1.79
2019-09-13,100.63089752197266,13.739999771118164,1.9
2019-09-16,99.73534393310547,14.670000076293945,1.84
2019-09-17,99.24149322509766,14.4399995803833,1.81
2019-09-18,100.23750305175781,13.949999809265137,1.8
2019-09-19,99.91944885253906,14.050000190734863,1.79
2019-09-20,99.51769256591797,15.319999694824219,1.74
2019-09-23,99.5009765625,14.90999984741211,1.72
2019-09-24,98.20364379882812,17.049999237060547,1.64
2019-09-25,98.76441955566406,15.960000038146973,1.73
2019-09-26,97.9525375366211,16.06999969482422,1.7
2019-09-27,98.53006744384766,17.219999313354492,1.69
2019-09-30,98.50495910644531,16.239999771118164,1.68
2019-10-01,96.71379852294922,18.559999465942383,1.65
2019-10-02,94.78873443603516,20.559999465942383,1.6
2019-10-03,94.65372467041016,19.1200008392334,1.54
2019-10-04,96.70392608642578,17.040000915527344,1.52
2019-10-07,96.49298858642578,17.860000610351562,1.56
2019-10-08,94.3415756225586,20.280000686645508,1.54
2019-10-09,95.02497863769531,18.639999389648438,1.59
2019-10-10,96.35799407958984,17.56999969482422,1.67
2019-10-11,97.98631286621094,15.579999923706055,1.76
2019-10-14,98.24786376953125,14.569999694824219,
2019-10-15,101.20922088623047,13.539999961853027,1.77
2019-10-16,100.97301483154297,13.680000305175781,1.75
2019-10-17,101.53826904296875,13.789999961853027,1.76
2019-10-18,101.71544647216797,14.25,1.76
2019-10-21,104.23806762695312,14.0,1.8
2019-10-22,105.28425598144531,14.460000038146973,1.78
2019-10-23,105.56266784667969,14.010000228881836,1.77
2019-10-24,105.48673248291016,13.710000038146973,1.77
2019-10-25,106.33043670654297,12.649999618530273,1.8
2019-10-28,106.73542022705078,13.109999656677246,1.85
2019-10-29,106.66790771484375,13.199999809265137,1.84
2019-10-30,106.07731628417969,12.329999923706055,1.78
2019-10-31,105.39393615722656,13.220000267028809,1.69
2019-11-01,107.82376098632812,12.300000190734863,1.73
2019-11-04,108.684326171875,12.829999923706055,1.79
2019-11-05,108.92058563232422,13.100000381469727,1.86
2019-11-06,109.08930206298828,12.619999885559082,1.81
2019-11-07,109.67989349365234,12.729999542236328,1.92
2019-11-08,110.0005111694336,12.069999694824219,1.94
2019-11-11,109.61238098144531,12.6899995803833,
2019-11-12,108.97120666503906,12.680000305175781,1.92
2019-11-13,108.3974838256836,13.0,1.88
2019-11-14,108.49871063232422,13.050000190734863,1.82
2019-11-15,109.28333282470703,12.050000190734863,1.84
2019-11-18,110.20297241210938,12.460000038146973,1.81
2019-11-19,110.16924285888672,12.859999656677246,1.79
2019-11-20,109.36771392822266,12.779999732971191,1.73
2019-11-21,109.62081909179688,13.130000114440918,1.77
2019-11-22,110.34638214111328,12.34000015258789,1.77
2019-11-25,110.9369888305664,11.869999885559082,1.76
2019-11-26,111.08887481689453,11.539999961853027,1.74
2019-11-27,111.41788482666016,11.75,1.77
2019-11-29,111.164794921875,12.619999885559082,1.78
2019-12-02,110.92009735107422,14.90999984741211,1.83
2019-12-03,109.4942626953125,15.960000038146973,1.72
2019-12-04,111.65412902832031,14.800000190734863,1.77
2019-12-05,112.2615966796875,14.520000457763672,1.8
2019-12-06,113.93209838867188,13.619999885559082,1.84
2019-12-09,113.40059661865234,15.859999656677246,1.83
2019-12-10,113.47650146484375,15.680000305175781,1.85
2019-12-11,113.20648956298828,14.989999771118164,1.79
2019-12-12,116.44627380371094,13.9399995803833,1.9
2019-12-13,115.42542266845703,12.630000114440918,1.82
2019-12-16,115.87258911132812,12.140000343322754,1.89
2019-12-17,116.58128356933594,12.289999961853027,1.89
2019-12-18,116.463134765625,12.579999923706055,1.92
2019-12-19,115.88101959228516,12.5,1.92
2019-12-20,115.78820037841797,12.510000228881836,1.92
2019-12-23,115.75444030761719,12.609999656677246,1.93
2019-12-24,116.07505798339844,12.670000076293945,1.9
2019-12-26,117.30683135986328,12.649999618530273,1.9
2019-12-27,117.39122009277344,13.430000305175781,1.88
2019-12-30,116.96094512939453,14.819999694824219,1.9
2019-12-31,117.61061096191406,13.779999732971191,1.92
2020-01-02,119.03640747070312,12.470000267028809,1.88
2020-01-03,117.46556854248047,14.020000457763672,1.8
2020-01-06,117.37216186523438,13.850000381469727,1.81
2020-01-07,115.37677001953125,13.789999961853027,1.83
2020-01-08,116.27684020996094,13.449999809265137,1.87
2020-01-09,116.70138549804688,12.539999961853027,1.85
2020-01-10,115.53809356689453,12.5600004196167,1.83
2020-01-13,116.49756622314453,12.319999694824219,1.85
2020-01-14,117.85617065429688,12.390000343322754,1.82
2020-01-15,116.09001159667969,12.420000076293945,1.79
2020-01-16,116.54003143310547,12.319999694824219,1.81
2020-01-17,117.34671783447266,12.100000381469727,1.84
2020-01-21,116.19192504882812,12.850000381469727,1.78
2020-01-22,116.05603790283203,12.90999984741211,1.77
2020-01-23,115.93717956542969,12.979999542236328,1.74
2020-01-24,113.0586929321289,14.5600004196167,1.7
2020-01-27,112.10770416259766,18.229999542236328,1.61
2020-01-28,114.14555358886719,16.280000686645508,1.65
2020-01-29,113.9757308959961,16.389999389648438,1.6
2020-01-30,115.38526153564453,15.489999771118164,1.57
2020-01-31,112.38793182373047,18.84000015258789,1.51
2020-02-03,113.2455062866211,17.969999313354492,1.54
2020-02-04,114.87577819824219,16.049999237060547,1.61
2020-02-05,116.82878112792969,15.149999618530273,1.66
2020-02-06,116.84571838378906,14.960000038146973,1.65
2020-02-07,116.47212219238281,15.470000267028809,1.59
2020-02-10,116.95610809326172,15.039999961853027,1.56
2020-02-11,117.1768569946289,15.180000305175781,1.59
2020-02-12,117.1768569946289,13.739999771118164,1.62
2020-02-13,117.07498168945312,14.149999618530273,1.61
2020-02-14,116.71835327148438,13.680000305175781,1.59
2020-02-18,115.1729736328125,14.829999923706055,1.55
2020-02-19,116.74384307861328,14.380000114440918,1.56
2020-02-20,116.74384307861328,15.5600004196167,1.52
2020-02-21,115.31732940673828,17.079999923706055,1.46
2020-02-24,112.21809387207031,25.030000686645508,1.38
2020-02-25,107.20834350585938,27.850000381469727,1.33
2020-02-26,107.53099822998047,27.559999465942383,1.33
2020-02-27,103.05623626708984,39.15999984741211,1.3
2020-02-28,98.58990478515625,40.11000061035156,1.13
2020-03-02,103.18359375,33.41999816894531,1.1
2020-03-03,99.3116683959961,36.81999969482422,1.02
2020-03-04,101.76557159423828,31.989999771118164,1.02
2020-03-05,96.77281188964844,39.619998931884766,0.92
2020-03-06,91.77157592773438,41.939998626708984,0.74
2020-03-09,79.34063720703125,54.459999084472656,0.54
2020-03-10,85.50514221191406,47.29999923706055,0.76
2020-03-11,81.48037719726562,53.900001525878906,0.82
2020-03-12,74.76396179199219,75.47000122070312,0.88
2020-03-13,88.23079681396484,57.83000183105469,0.94
2020-03-16,75.02715301513672,82.69000244140625,0.73
2020-03-17,79.61234283447266,75.91000366210938,1.02
2020-03-18,71.23165893554688,76.44999694824219,1.18
2020-03-19,72.42889404296875,72.0,1.12
2020-03-20,70.90049743652344,66.04000091552734,0.92
2020-03-23,67.10499572753906,61.59000015258789,0.76
2020-03-24,75.08660888671875,61.66999816894531,0.84
2020-03-25,77.88864135742188,63.95000076293945,0.88
2020-03-26,83.31446075439453,61.0,0.83
2020-03-27,77.37919616699219,65.54000091552734,0.72
2020-03-30,79.3915786743164,57.08000183105469,0.7
2020-03-31,76.4451904296875,53.540000915527344,0.7
2020-04-01,71.6307373046875,57.060001373291016,0.62
2020-04-02,74.30543518066406,50.90999984741211,0.63
2020-04-03,72.109130859375,46.79999923706055,0.62
2020-04-06,76.75052642822266,45.2400016784668,0.67
2020-04-07,77.76287841796875,46.70000076293945,0.75
2020-04-08,80.90290069580078,43.349998474121094,0.77
2020-04-09,88.16099548339844,41.66999816894531,0.73
2020-04-13,84.24026489257812,41.16999816894531,0.76
2020-04-14,81.93242645263672,37.7599983215332,0.76
2020-04-15,77.89157104492188,40.84000015258789,0.63
2020-04-16,74.92314910888672,40.11000061035156,0.61
2020-04-17,81.65789031982422,38.150001525878906,0.65
2020-04-20,78.68087768554688,43.83000183105469,0.63
2020-04-21,76.39878845214844,45.40999984741211,0.58
2020-04-22,76.6475830078125,41.97999954223633,0.63
2020-04-23,76.69047546386719,41.380001068115234,0.61
2020-04-24,77.82293701171875,35.93000030517578,0.6
2020-04-27,81.17745971679688,33.290000915527344,0.67
2020-04-28,81.75227355957031,33.56999969482422,0.62
2020-04-29,83.95714569091797,31.229999542236328,0.63
2020-04-30,82.15550231933594,34.150001525878906,0.64
2020-05-01,80.00208282470703,37.189998626708984,0.64
2020-05-04,79.04979705810547,35.970001220703125,0.64
2020-05-05,78.92967224121094,33.61000061035156,0.66
2020-05-06,77.4454345703125,34.119998931884766,0.72
2020-05-07,78.25189971923828,31.440000534057617,0.63
2020-05-08,79.53021240234375,27.979999542236328,0.69
2020-05-11,77.1880874633789,27.56999969482422,0.73
2020-05-12,74.6657485961914,33.040000915527344,0.69
2020-05-13,72.09194946289062,35.279998779296875,0.64
2020-05-14,75.08613586425781,32.61000061035156,0.63
2020-05-15,73.6962890625,31.889999389648438,0.64
2020-05-18,77.5998764038086,29.299999237060547,0.73
2020-05-19,76.07276153564453,30.530000686645508,0.7
2020-05-20,78.35485076904297,27.989999771118164,0.68
2020-05-21,77.3596420288086,29.530000686645508,0.68
2020-05-22,76.75911712646484,28.15999984741211,0.66
2020-05-26,82.20696258544922,28.010000228881836,0.69
2020-05-27,86.9684829711914,27.6200008392334,0.68
2020-05-28,85.67300415039062,28.59000015258789,0.7
2020-05-29,83.48528289794922,27.510000228881836,0.65
2020-06-01,84.59202575683594,28.229999542236328,0.66
2020-06-02,84.87513732910156,26.84000015258789,0.68
2020-06-03,89.45647430419922,25.65999984741211,0.77
2020-06-04,91.31819915771484,25.809999465942383,0.82
2020-06-05,95.42770385742188,24.520000457763672,0.91
2020-06-08,97.33228302001953,25.809999465942383,0.88
2020-06-09,94.8357162475586,27.56999969482422,0.84
2020-06-10,90.99219512939453,27.56999969482422,0.75
2020-06-11,83.39948272705078,40.790000915527344,0.66
2020-06-12,85.6816177368164,36.09000015258789,0.71
2020-06-15,86.86552429199219,34.400001525878906,0.71
2020-06-16,87.56046295166016,33.66999816894531,0.75
2020-06-17,85.34701538085938,33.470001220703125,0.74
2020-06-18,84.88370513916016,32.939998626708984,0.71
2020-06-19,83.91426086425781,35.119998931884766,0.7
2020-06-22,83.00483703613281,31.770000457763672,0.71
2020-06-23,84.0171890258789,31.3700008392334,0.72
2020-06-24,81.2117691040039,33.84000015258789,0.69
2020-06-25,84.04293060302734,32.220001220703125,0.68
2020-06-26,79.43583679199219,34.72999954223633,0.64
2020-06-29,79.78759765625,31.780000686645508,0.64
2020-06-30,80.697021484375,30.43000030517578,0.66
2020-07-01,80.01065063476562,28.6200008392334,0.69
2020-07-02,80.27056884765625,27.68000030517578,0.68
2020-07-06,82.29766845703125,27.940000534057617,0.69
2020-07-07,79.97602081298828,29.43000030517578,0.65
2020-07-08,80.82498931884766,28.079999923706055,0.67
2020-07-09,79.0750732421875,29.260000228881836,0.62
2020-07-10,83.39786529541016,27.290000915527344,0.65
2020-07-13,84.59335327148438,32.189998626708984,0.64
2020-07-14,85.0784683227539,29.520000457763672,0.63
2020-07-15,86.39523315429688,27.760000228881836,0.64
2020-07-16,86.6377944946289,28.0,0.62
2020-07-17,85.03517150878906,25.68000030517578,0.64
2020-07-20,84.2901382446289,24.459999084472656,0.62
2020-07-21,86.11801147460938,24.84000015258789,0.61
2020-07-22,85.49429321289062,24.31999969482422,0.6
2020-07-23,85.74552154541016,26.079999923706055,0.59
2020-07-24,85.13911437988281,25.84000015258789,0.59
2020-07-27,83.94364166259766,24.739999771118164,0.62
2020-07-28,84.3074722290039,25.440000534057617,0.59
2020-07-29,86.3519287109375,24.100000381469727,0.58
2020-07-30,84.04757690429688,24.760000228881836,0.55
2020-07-31,83.71839904785156,24.459999084472656,0.55
2020-08-03,83.25060272216797,24.280000686645508,0.56
2020-08-04,82.77415466308594,23.760000228881836,0.52
2020-08-05,84.21217346191406,22.989999771118164,0.55
2020-08-06,84.2381820678711,22.649999618530273,0.55
2020-08-07,86.0920181274414,22.209999084472656,0.57
2020-08-10,87.18355560302734,22.1299991607666,0.59
2020-08-11,89.93834686279297,24.030000686645508,0.64
2020-08-12,89.17603302001953,22.280000686645508,0.69
2020-08-13,88.68223571777344,22.1299991607666,0.71
2020-08-14,88.7168960571289,22.049999237060547,0.71
2020-08-17,86.37791442871094,21.350000381469727,0.69
2020-08-18,85.17378234863281,21.510000228881836,0.67
2020-08-19,85.37301635742188,22.540000915527344,0.68
2020-08-20,84.35079193115234,22.719999313354492,0.65
2020-08-21,84.3074722290039,22.540000915527344,0.64
2020-08-24,86.68110656738281,22.3700008392334,0.65
2020-08-25,87.06230163574219,22.030000686645508,0.69
2020-08-26,85.84081268310547,23.270000457763672,0.69
2020-08-27,88.66490936279297,24.469999313354492,0.74
2020-08-28,89.02876281738281,22.959999084472656,0.74
2020-08-31,86.7937240600586,26.40999984741211,0.72
2020-09-01,86.75041961669922,26.1200008392334,0.68
2020-09-02,88.05850982666016,26.56999969482422,0.66
2020-09-03,87.78130340576172,33.599998474121094,0.63
2020-09-04,89.67847442626953,30.75,0.72
2020-09-08,86.55982208251953,31.459999084472656,0.69
2020-09-09,87.38280487060547,28.809999465942383,0.71
2020-09-10,86.48187255859375,29.709999084472656,0.68
2020-09-11,87.55606079101562,26.8700008392334,0.67
2020-09-14,88.76887512207031,25.850000381469727,0.68
2020-09-15,86.0053939819336,25.59000015258789,0.68
2020-09-16,86.36924743652344,26.040000915527344,0.69
2020-09-17,85.38168334960938,26.459999084472656,0.69
2020-09-18,85.19975280761719,25.829999923706055,0.7
2020-09-21,82.56623077392578,27.780000686645508,0.68
2020-09-22,81.66529846191406,26.860000610351562,0.68
2020-09-23,80.3398666381836,28.579999923706055,0.68
2020-09-24,80.27056884765625,28.510000228881836,0.67
2020-09-25,80.9722671508789,26.3799991607666,0.66
2020-09-28,83.3025894165039,26.190000534057617,0.67
2020-09-29,82.60087585449219,26.270000457763672,0.66
2020-09-30,83.39786529541016,26.3700008392334,0.69
2020-10-01,84.0042724609375,26.700000762939453,0.68
2020-10-02,84.80126953125,27.6299991607666,0.7
2020-10-05,86.59363555908203,27.959999084472656,0.78
2020-10-06,85.70182800292969,29.479999542236328,0.76
2020-10-07,87.1969223022461,28.059999465942383,0.81
2020-10-08,88.98930358886719,26.360000610351562,0.78
2020-10-09,88.48218536376953,25.0,0.79
2020-10-12,89.56636810302734,25.06999969482422,
2020-10-13,88.1149673461914,26.06999969482422,0.74
2020-10-14,87.62535858154297,26.399999618530273,0.73
2020-10-15,88.93685150146484,26.969999313354492,0.74
2020-10-16,88.75322723388672,27.40999984741211,0.76
2020-10-19,87.25812530517578,29.18000030517578,0.78
2020-10-20,87.7564926147461,29.350000381469727,0.81
2020-10-21,86.88215637207031,28.649999618530273,0.83
2020-10-22,89.95105743408203,28.110000610351562,0.87
2020-10-23,90.7641830444336,27.549999237060547,0.85
2020-10-26,88.51714324951172,32.459999084472656,0.81
2020-10-27,86.84721374511719,33.349998474121094,0.79
2020-10-28,84.4078140258789,40.279998779296875,0.79
2020-10-29,84.95864868164062,37.59000015258789,0.85
2020-10-30,85.71929931640625,38.02000045776367,0.88
2020-11-02,87.65157318115234,37.130001068115234,0.87
2020-11-03,90.41444396972656,35.54999923706055,0.9
2020-11-04,87.65157318115234,29.56999969482422,0.78
2020-11-05,91.23632049560547,27.579999923706055,0.79
2020-11-06,90.02100372314453,24.860000610351562,0.83
2020-11-09,102.20918273925781,25.75,0.96
2020-11-10,101.87691497802734,24.799999237060547,0.98
2020-11-11,100.3555679321289,23.450000762939453,
2020-11-12,99.1227798461914,25.350000381469727,0.88
2020-11-13,99.7435531616211,23.100000381469727,0.89
2020-11-16,102.55891418457031,22.450000762939453,0.91
2020-11-17,101.51844787597656,22.709999084472656,0.87
2020-11-18,100.76654052734375,23.84000015258789,0.88
2020-11-19,101.03755950927734,23.110000610351562,0.86
2020-11-20,100.17198944091797,23.700000762939453,0.83
2020-11-23,103.05725860595703,22.65999984741211,0.86
2020-11-24,107.8223648071289,21.639999389648438,0.88
2020-11-25,106.69448852539062,21.25,0.88
2020-11-27,105.98628234863281,20.84000015258789,0.84
2020-11-30,103.06600189208984,20.56999969482422,0.84
2020-12-01,104.69227600097656,20.770000457763672,0.92
2020-12-02,106.70323181152344,21.170000076293945,0.95
2020-12-03,106.00375366210938,21.280000686645508,0.92
2020-12-04,106.96551513671875,20.790000915527344,0.97
2020-12-07,106.56333923339844,21.299999237060547,0.94
2020-12-08,106.66825103759766,20.68000030517578,0.92
2020-12-09,105.837646484375,22.270000457763672,0.95
2020-12-10,105.15567779541016,22.520000457763672,0.92
2020-12-11,104.53486633300781,23.309999465942383,0.9
2020-12-14,103.43323516845703,24.719999313354492,0.9
2020-12-15,105.19937896728516,22.889999389648438,0.92
2020-12-16,105.50538635253906,22.5,0.92
2020-12-17,104.63107299804688,21.93000030517578,0.94
2020-12-18,104.11521911621094,21.56999969482422,0.95
2020-12-21,108.02348327636719,25.15999984741211,0.95
2020-12-22,106.37973022460938,24.229999542236328,0.93
2020-12-23,109.35246276855469,23.309999465942383,0.96
2020-12-24,108.87157440185547,21.530000686645508,0.94
2020-12-28,109.5885009765625,21.700000762939453,0.94
2020-12-29,109.29999542236328,23.079999923706055,0.94
2020-12-30,109.60598754882812,22.770000457763672,0.93
2020-12-31,111.1010971069336,22.75,0.93
2021-01-04,110.0519027709961,26.969999313354492,0.93
2021-01-05,110.6507339477539,25.34000015258789,0.96
2021-01-06,115.84642028808594,25.06999969482422,1.04
2021-01-07,119.6507339477539,22.3700008392334,1.08
2021-01-08,119.78285217285156,21.559999465942383,1.13
2021-01-11,121.57049560546875,24.079999923706055,1.15
2021-01-12,123.48150634765625,23.329999923706055,1.15
2021-01-13,123.59597778320312,22.209999084472656,1.1
2021-01-14,124.31805419921875,23.25,1.15
2021-01-15,122.090087890625,24.34000015258789,1.11
2021-01-19,121.56171417236328,23.239999771118164,1.1
2021-01-20,119.73880004882812,21.579999923706055,1.1
2021-01-21,118.73491668701172,21.31999969482422,1.12
2021-01-22,117.81903839111328,21.90999984741211,1.1
2021-01-25,116.348388671875,23.190000534057617,1.05
2021-01-26,115.87283325195312,23.020000457763672,1.05
2021-01-27,112.596923828125,37.209999084472656,1.04
2021-01-28,114.57833862304688,30.209999084472656,1.07
2021-01-29,113.31021881103516,33.09000015258789,1.11
2021-02-01,114.14682006835938,30.239999771118164,1.09
2021-02-02,117.6605453491211,25.559999465942383,1.12
2021-02-03,119.00788879394531,22.90999984741211,1.15
2021-02-04,121.74661254882812,21.770000457763672,1.15
2021-02-05,121.50888061523438,20.8700008392334,1.19
2021-02-08,123.4110336303711,21.239999771118164,1.19
2021-02-09,122.91786193847656,21.6299991607666,1.18
2021-02-10,122.98831176757812,21.989999771118164,1.15
2021-02-11,122.64488220214844,21.25,1.16
2021-02-12,124.38851165771484,19.969999313354492,1.2
2021-02-16,127.38265991210938,21.459999084472656,1.3
2021-02-17,127.7789535522461,21.5,1.29
2021-02-18,128.2104034423828,22.489999771118164,1.29
2021-02-19,130.350341796875,22.049999237060547,1.34
2021-02-22,131.57444763183594,23.450000762939453,1.37
2021-02-23,132.63116455078125,23.110000610351562,1.37
2021-02-24,134.96481323242188,21.34000015258789,1.38
2021-02-25,133.13311767578125,28.889999389648438,1.54
2021-02-26,129.601806640625,27.950000762939453,1.44
2021-03-01,132.53428649902344,23.350000381469727,1.45
2021-03-02,132.102783203125,24.100000381469727,1.42
2021-03-03,134.65660095214844,26.670000076293945,1.47
2021-03-04,132.58714294433594,28.56999969482422,1.54
2021-03-05,132.89537048339844,24.65999984741211,1.56
2021-03-08,134.65660095214844,25.469999313354492,1.59
2021-03-09,133.7055206298828,24.030000686645508,1.55
2021-03-10,136.6116180419922,22.559999465942383,1.53
2021-03-11,135.8983154296875,21.90999984741211,1.54
2021-03-12,137.5098419189453,20.690000534057617,1.64
2021-03-15,136.82296752929688,20.030000686645508,1.62
2021-03-16,135.18499755859375,19.790000915527344,1.62
2021-03-17,136.5763702392578,19.229999542236328,1.63
2021-03-18,138.83078002929688,21.579999923706055,1.71
2021-03-19,136.6204071044922,20.950000762939453,1.74
2021-03-22,132.94822692871094,18.8799991607666,1.69
2021-03-23,131.6184539794922,20.299999237060547,1.63
2021-03-24,132.63995361328125,21.200000762939453,1.62
2021-03-25,134.339599609375,19.809999465942383,1.63
2021-03-26,136.5763702392578,18.860000610351562,1.67
2021-03-29,134.45404052734375,20.739999771118164,1.73
2021-03-30,136.03919982910156,19.610000610351562,1.73
2021-03-31,134.0577850341797,19.399999618530273,1.74
2021-04-01,135.36109924316406,17.329999923706055,1.69
2021-04-05,136.07861328125,17.90999984741211,1.73
2021-04-06,135.12196350097656,18.1200008392334,1.67
2021-04-07,137.23904418945312,17.15999984741211,1.68
2021-04-08,137.40733337402344,16.950000762939453,1.64
2021-04-09,138.43490600585938,16.690000534057617,1.67
2021-04-12,138.142578125,16.90999984741211,1.69
2021-04-13,136.49497985839844,16.649999618530273,1.64
2021-04-14,133.94383239746094,16.989999771118164,1.64
2021-04-15,134.79417419433594,16.56999969482422,1.56
2021-04-16,135.795166015625,16.25,1.59
2021-04-19,135.2193603515625,17.290000915527344,1.61
2021-04-20,132.22531127929688,18.68000030517578,1.58
2021-04-21,133.35031127929688,17.5,1.57
2021-04-22,130.5423126220703,18.709999084472656,1.57
2021-04-23,133.04026794433594,17.329999923706055,1.58
2021-04-26,133.36807250976562,17.639999389648438,1.58
2021-04-27,133.979248046875,17.559999465942383,1.63
2021-04-28,134.8473663330078,17.280000686645508,1.63
2021-04-29,137.46937561035156,17.610000610351562,1.65
2021-04-30,136.24693298339844,18.610000610351562,1.65
2021-05-03,135.84832763671875,18.309999465942383,1.63
2021-05-04,137.72621154785156,19.479999542236328,1.61
2021-05-05,139.53330993652344,19.149999618530273,1.59
2021-05-06,142.34133911132812,18.389999389648438,1.58
2021-05-07,142.8285369873047,16.690000534057617,1.6
2021-05-10,142.81082153320312,19.65999984741211,1.63
2021-05-11,140.43682861328125,21.84000015258789,1.64
2021-05-12,139.47129821777344,27.59000015258789,1.69
2021-05-13,143.05882263183594,23.1299991607666,1.66
2021-05-14,145.2822265625,18.809999465942383,1.63
2021-05-17,145.8668670654297,19.719999313354492,1.64
2021-05-18,143.8118133544922,21.34000015258789,1.64
2021-05-19,142.71337890625,22.18000030517578,1.68
2021-05-20,142.46534729003906,20.670000076293945,1.63
2021-05-21,144.08641052246094,20.149999618530273,1.63
2021-05-24,144.8658905029297,18.399999618530273,1.61
2021-05-25,143.36888122558594,18.84000015258789,1.56
2021-05-26,143.35116577148438,17.360000610351562,1.58
2021-05-27,145.58340454101562,16.739999771118164,1.61
2021-05-28,145.48597717285156,16.760000228881836,1.58
2021-06-01,147.0892791748047,17.899999618530273,1.62
2021-06-02,147.09814453125,17.479999542236328,1.59
2021-06-03,147.1956024169922,18.040000915527344,1.63
2021-06-04,147.4347686767578,16.420000076293945,1.56
2021-06-07,146.74383544921875,16.420000076293945,1.57
2021-06-08,146.1591796875,17.06999969482422,1.53
2021-06-09,144.3343963623047,17.889999389648438,1.5
2021-06-10,142.0844268798828,16.100000381469727,1.45
2021-06-11,141.98699951171875,15.649999618530273,1.47
2021-06-14,139.57757568359375,16.389999389648438,1.51
2021-06-15,137.46047973632812,17.020000457763672,1.51
2021-06-16,138.42604064941406,18.149999618530273,1.57
2021-06-17,134.43101501464844,17.75,1.52
2021-06-18,131.02951049804688,20.700000762939453,1.45
2021-06-21,133.2528839111328,17.889999389648438,1.5
2021-06-22,133.0580291748047,16.65999984741211,1.48
2021-06-23,133.8640899658203,16.31999969482422,1.5
2021-06-24,135.0954132080078,15.970000267028809,1.49
2021-06-25,136.4595184326172,15.619999885559082,1.54
2021-06-28,136.70755004882812,15.760000228881836,1.49
2021-06-29,136.53924560546875,16.020000457763672,1.49
2021-06-30,137.77938842773438,15.829999923706055,1.45
2021-07-01,139.1435546875,15.479999542236328,1.48
2021-07-02,139.0098876953125,15.069999694824219,1.44
2021-07-06,136.67568969726562,16.440000534057617,1.37
2021-07-07,136.83602905273438,16.200000762939453,1.33
2021-07-08,134.47515869140625,19.0,1.3
2021-07-09,138.77825927734375,16.18000030517578,1.37
2021-07-12,140.7650146484375,16.170000076293945,1.38
2021-07-13,138.67137145996094,17.1200008392334,1.42
2021-07-14,138.1991729736328,16.329999923706055,1.37
2021-07-15,138.50210571289062,17.010000228881836,1.31
2021-07-16,135.33937072753906,18.450000762939453,1.31
2021-07-19,130.9381866455078,22.5,1.19
2021-07-20,133.3792724609375,19.729999542236328,1.23
2021-07-21,136.18568420410156,17.90999984741211,1.3
2021-07-22,134.46621704101562,17.690000534057617,1.27
2021-07-23,134.2078094482422,17.200000762939453,1.3
2021-07-26,135.107666015625,17.579999923706055,1.29
2021-07-27,134.9294891357422,19.360000610351562,1.25
2021-07-28,135.1522216796875,18.309999465942383,1.26
2021-07-29,136.3104248046875,17.700000762939453,1.28
2021-07-30,135.22352600097656,18.239999771118164,1.24
2021-08-02,134.68003845214844,19.459999084472656,1.2
2021-08-03,136.21243286132812,18.040000915527344,1.19
2021-08-04,134.742431640625,17.969999313354492,1.19
2021-08-05,136.44407653808594,17.280000686645508,1.23
2021-08-06,140.3195343017578,16.149999618530273,1.31
2021-08-09,140.16810607910156,16.719999313354492,1.33
2021-08-10,141.8875732421875,16.790000915527344,1.36
2021-08-11,143.58030700683594,16.170000076293945,1.35
2021-08-12,144.14158630371094,15.59000015258789,1.36
2021-08-13,142.52906799316406,15.449999809265137,1.29
2021-08-16,141.59359741210938,16.1200008392334,1.26
2021-08-17,139.8830108642578,17.90999984741211,1.26
2021-08-18,138.6089630126953,21.56999969482422,1.27
2021-08-19,137.45079040527344,21.670000076293945,1.24
2021-08-20,137.84280395507812,18.559999465942383,1.26
2021-08-23,139.6068115234375,17.149999618530273,1.25
2021-08-24,140.4710235595703,17.219999313354492,1.29
2021-08-25,143.36648559570312,16.790000915527344,1.35
2021-08-26,144.10595703125,18.84000015258789,1.34
2021-08-27,145.26412963867188,16.389999389648438,1.31
2021-08-30,142.93882751464844,16.190000534057617,1.29
2021-08-31,142.5023193359375,16.479999542236328,1.3
2021-09-01,142.2974090576172,16.110000610351562,1.31
2021-09-02,142.9566650390625,16.40999984741211,1.29
2021-09-03,142.0924835205078,16.40999984741211,1.33
2021-09-07,141.84304809570312,18.139999389648438,1.38
2021-09-08,141.21047973632812,17.959999084472656,1.35
2021-09-09,141.8251953125,18.799999237060547,1.3
2021-09-10,140.19480895996094,20.950000762939453,1.35
2021-09-13,142.422119140625,19.3700008392334,1.33
2021-09-14,139.9364471435547,19.459999084472656,1.28
2021-09-15,140.90756225585938,18.18000030517578,1.31
2021-09-16,140.84521484375,18.690000534057617,1.34
2021-09-17,140.4799041748047,20.809999465942383,1.37
2021-09-20,136.2748260498047,25.709999084472656,1.31
2021-09-21,136.29261779785156,24.360000610351562,1.33
2021-09-22,138.9029998779297,20.8700008392334,1.32
2021-09-23,143.59811401367188,18.6299991607666,1.41
2021-09-24,145.25523376464844,17.75,1.47
2021-09-27,148.76544189453125,18.760000228881836,1.48
2021-09-28,147.963623046875,23.25,1.54
2021-09-29,147.84779357910156,22.559999465942383,1.55
2021-09-30,145.83433532714844,23.139999389648438,1.52
2021-10-01,148.8990936279297,21.100000381469727,1.48
2021-10-04,148.73870849609375,22.959999084472656,1.49
2021-10-05,151.16766357421875,21.299999237060547,1.54
2021-10-06,151.49032592773438,21.0,1.53
2021-10-07,152.44932556152344,19.540000915527344,1.58
2021-10-08,152.5658721923828,18.770000457763672,1.61
2021-10-11,149.357177734375,20.0,
2021-10-12,148.20989990234375,19.850000381469727,1.59
2021-10-13,144.30209350585938,18.639999389648438,1.56
2021-10-14,146.51593017578125,16.860000610351562,1.52
2021-10-15,149.33026123046875,16.299999237060547,1.59
2021-10-18,149.27651977539062,16.309999465942383,1.59
2021-10-19,151.08697509765625,15.699999809265137,1.65
2021-10-20,153.12158203125,15.489999771118164,1.65
2021-10-21,151.92054748535156,15.010000228881836,1.68
2021-10-22,153.9640350341797,15.430000305175781,1.66
2021-10-25,153.211181640625,15.239999771118164,1.64
2021-10-26,153.6234893798828,15.979999542236328,1.63
2021-10-27,150.4237823486328,16.979999542236328,1.54
2021-10-28,152.6913299560547,16.530000686645508,1.57
2021-10-29,152.2700653076172,16.260000228881836,1.55
2021-11-01,152.1894073486328,16.40999984741211,1.58
2021-11-02,152.7899627685547,16.030000686645508,1.56
2021-11-03,152.84371948242188,15.100000381469727,1.6
2021-11-04,150.83602905273438,15.4399995803833,1.53
2021-11-05,150.62091064453125,16.479999542236328,1.45
2021-11-08,151.5261993408203,17.219999313354492,1.51
2021-11-09,150.37892150878906,17.780000686645508,1.46
2021-11-10,150.23550415039062,18.729999542236328,1.56
2021-11-11,150.22657775878906,17.65999984741211,
2021-11-12,149.5543212890625,16.290000915527344,1.58
2021-11-15,149.28546142578125,16.489999771118164,1.63
2021-11-16,148.20989990234375,16.3700008392334,1.63
2021-11-17,147.41220092773438,17.110000610351562,1.6
2021-11-18,146.13949584960938,17.59000015258789,1.59
2021-11-19,144.23040771484375,17.90999984741211,1.54
2021-11-22,147.30462646484375,19.170000076293945,1.63
2021-11-23,150.82711791992188,19.3799991607666,1.67
2021-11-24,149.64395141601562,18.579999923706055,1.64
2021-11-26,145.1356658935547,28.6200008392334,1.48
2021-11-29,144.50827026367188,22.959999084472656,1.52
2021-11-30,142.35720825195312,27.190000534057617,1.43
2021-12-01,141.51466369628906,31.1200008392334,1.43
2021-12-02,144.49032592773438,27.950000762939453,1.44
2021-12-03,141.87315368652344,30.670000076293945,1.35
2021-12-06,143.5492401123047,27.18000030517578,1.43
2021-12-07,145.70928955078125,21.889999389648438,1.48
2021-12-08,144.04217529296875,19.899999618530273,1.52
2021-12-09,143.81809997558594,21.579999923706055,1.49
2021-12-10,143.2445068359375,18.690000534057617,1.48
2021-12-13,141.5415496826172,20.309999465942383,1.42
2021-12-14,142.62608337402344,21.889999389648438,1.44
2021-12-15,141.55946350097656,19.290000915527344,1.47
2021-12-16,143.77328491210938,20.56999969482422,1.44
2021-12-17,140.50181579589844,21.56999969482422,1.41
2021-12-20,137.97433471679688,22.8700008392334,1.43
2021-12-21,139.90135192871094,21.010000228881836,1.48
2021-12-22,140.4480743408203,18.6299991607666,1.46
2021-12-23,140.95001220703125,17.959999084472656,1.5
2021-12-27,141.7566680908203,17.68000030517578,1.48
2021-12-28,142.18687438964844,17.540000915527344,1.49
2021-12-29,142.11517333984375,16.950000762939453,1.55
2021-12-30,142.04348754882812,17.329999923706055,1.52
2021-12-31,141.92694091796875,17.219999313354492,1.52
2022-01-03,144.92947387695312,16.600000381469727,1.63
2022-01-04,150.4237823486328,16.90999984741211,1.66
2022-01-05,147.67369079589844,19.729999542236328,1.71
2022-01-06,149.2425537109375,19.610000610351562,1.73
2022-01-07,150.7213134765625,18.760000228881836,1.76
2022-01-10,150.86558532714844,19.399999618530273,1.78
2022-01-11,151.0188751220703,18.40999984741211,1.75
2022-01-12,151.8754425048828,17.6200008392334,1.74
2022-01-13,151.68603515625,20.309999465942383,1.7
2022-01-14,142.3629150390625,19.190000534057617,1.78
2022-01-18,136.39395141601562,22.790000915527344,1.87
2022-01-19,134.2840576171875,23.850000381469727,1.83
2022-01-20,133.13894653320312,25.59000015258789,1.83
2022-01-21,130.8126678466797,28.850000381469727,1.75
2022-01-24,130.69546508789062,29.899999618530273,1.75
2022-01-25,132.12002563476562,31.15999984741211,1.78
2022-01-26,133.37335205078125,31.959999084472656,1.85
2022-01-27,131.02005004882812,30.489999771118164,1.81
2022-01-28,132.19223022460938,27.65999984741211,1.78
2022-01-31,133.98654174804688,24.829999923706055,1.79
2022-02-01,136.2857208251953,21.959999084472656,1.81
2022-02-02,135.19471740722656,22.09000015258789,1.78
2022-02-03,134.07669067382812,24.350000381469727,1.82
2022-02-04,137.55706787109375,23.219999313354492,1.93
2022-02-07,138.01695251464844,22.860000610351562,1.92
2022-02-08,140.6137237548828,21.440000534057617,1.96
2022-02-09,141.1997833251953,19.959999084472656,1.94
2022-02-10,140.6137237548828,23.90999984741211,2.03
2022-02-11,138.78330993652344,27.360000610351562,1.92
2022-02-14,137.49398803710938,28.329999923706055,1.98
2022-02-15,139.50465393066406,25.700000762939453,2.05
2022-02-16,139.7571258544922,24.290000915527344,2.03
2022-02-17,136.53822326660156,28.110000610351562,1.97
2022-02-18,137.1783905029297,27.75,1.92
2022-02-22,136.93492126464844,28.809999465942383,1.94
2022-02-23,134.06764221191406,31.020000457763672,1.99
2022-02-24,130.33477783203125,30.31999969482422,1.96
2022-02-25,133.41844177246094,27.59000015258789,1.97
2022-02-28,127.85523986816406,30.149999618530273,1.83
2022-03-01,123.03133392333984,33.31999969482422,1.72
2022-03-02,125.5830307006836,30.739999771118164,1.86
2022-03-03,124.69039154052734,30.479999542236328,1.86
2022-03-04,121.1829605102539,31.979999542236328,1.74
2022-03-07,116.50335693359375,36.45000076293945,1.78
2022-03-08,115.68283081054688,35.130001068115234,1.86
2022-03-09,120.31734466552734,32.45000076293945,1.94
2022-03-10,118.89275360107422,30.229999542236328,1.98
2022-03-11,116.21480560302734,30.75,2.0
2022-03-14,117.36894226074219,31.770000457763672,2.14
2022-03-15,119.4517593383789,29.829999923706055,2.15
2022-03-16,124.78958892822266,26.670000076293945,2.19
2022-03-17,126.36747741699219,25.670000076293945,2.2
2022-03-18,126.32242584228516,23.8700008392334,2.14
2022-03-21,125.91663360595703,23.530000686645508,2.32
2022-03-22,128.5945587158203,22.940000534057617,2.38
2022-03-23,126.03386688232422,23.56999969482422,2.32
2022-03-24,126.85437774658203,21.670000076293945,2.34
2022-03-25,127.96343231201172,20.809999465942383,2.48
2022-03-28,127.01667022705078,19.6299991607666,2.46
2022-03-29,127.29617309570312,18.899999618530273,2.41
2022-03-30,126.71912384033203,19.329999923706055,2.35
2022-03-31,122.91413879394531,20.559999465942383,2.32
2022-04-01,122.00346374511719,19.6299991607666,2.39
2022-04-04,122.5444564819336,18.56999969482422,2.42
2022-04-05,121.11837005615234,21.030000686645508,2.54
2022-04-06,119.43794250488281,22.100000381469727,2.61
2022-04-07,119.07459259033203,21.549999237060547,2.66
2022-04-08,121.25462341308594,21.15999984741211,2.72
2022-04-11,120.8095474243164,24.3700008392334,2.79
2022-04-12,119.48332214355469,24.260000228881836,2.72
2022-04-13,115.6319808959961,21.81999969482422,2.7
2022-04-14,114.56014251708984,22.700000762939453,2.83
2022-04-18,116.68566131591797,22.170000076293945,2.85
2022-04-19,119.10184478759766,21.3700008392334,2.93
2022-04-20,119.5196762084961,20.31999969482422,2.85
2022-04-21,118.59317016601562,22.68000030517578,2.9
2022-04-22,115.18689727783203,28.209999084472656,2.9
2022-04-25,115.15055084228516,27.020000457763672,2.81
2022-04-26,111.74427032470703,33.52000045776367,2.77
2022-04-27,110.29092407226562,31.600000381469727,2.82
2022-04-28,112.03494262695312,29.989999771118164,2.85
2022-04-29,108.41973876953125,33.400001525878906,2.89
2022-05-02,109.40982818603516,32.34000015258789,2.99
2022-05-03,111.75334930419922,29.25,2.97
2022-05-04,115.4502944946289,25.420000076293945,2.93
2022-05-05,112.56178283691406,31.200000762939453,3.05
2022-05-06,112.38011932373047,30.190000534057617,3.12
2022-05-09,110.69059753417969,34.75,3.05
2022-05-10,107.99282836914062,32.9900016784668,2.99
2022-05-11,107.31155395507812,32.560001373291016,2.91
2022-05-12,107.22071838378906,31.770000457763672,2.84
2022-05-13,108.17447662353516,28.8700008392334,2.93
2022-05-16,107.42057800292969,27.469999313354492,2.88
2022-05-17,110.98126220703125,26.100000381469727,2.98
2022-05-18,109.08283996582031,30.959999084472656,2.89
2022-05-19,107.46598052978516,29.350000381469727,2.84
2022-05-20,106.58488464355469,29.43000030517578,2.78
2022-05-23,113.17945861816406,28.479999542236328,2.86
2022-05-24,114.77813720703125,29.450000762939453,2.76
2022-05-25,115.57746887207031,28.3700008392334,2.75
2022-05-26,117.5758056640625,27.5,2.75
2022-05-27,119.23809814453125,25.719999313354492,2.74
2022-05-31,120.11009216308594,26.190000534057617,2.85
2022-06-01,118.00273895263672,25.690000534057617,2.94
2022-06-02,119.90118408203125,24.719999313354492,2.92
2022-06-03,118.2298355102539,24.790000915527344,2.96
2022-06-06,117.83924865722656,25.06999969482422,3.04
2022-06-07,118.14808654785156,24.020000457763672,2.98
2022-06-08,116.26781463623047,23.959999084472656,3.03
2022-06-09,113.82437133789062,26.09000015258789,3.04
2022-06-10,108.59231567382812,27.75,3.15
2022-06-13,105.35862731933594,34.02000045776367,3.43
2022-06-14,103.60552978515625,32.689998626708984,3.49
2022-06-15,104.83179473876953,29.6200008392334,3.33
2022-06-16,103.03327178955078,32.95000076293945,3.28
2022-06-17,102.66993713378906,31.1299991607666,3.25
2022-06-21,105.2132797241211,30.190000534057617,3.31
2022-06-22,104.62286376953125,28.950000762939453,3.16
2022-06-23,103.47834777832031,29.049999237060547,3.09
2022-06-24,106.56671905517578,27.229999542236328,3.13
2022-06-27,105.71287536621094,26.950000762939453,3.2
2022-06-28,105.2042007446289,28.360000610351562,3.2
2022-06-29,104.73188018798828,28.15999984741211,3.1
2022-06-30,102.28842163085938,28.709999084472656,2.98
2022-07-01,103.59645080566406,26.700000762939453,2.88
2022-07-05,103.20240020751953,27.540000915527344,2.82
2022-07-06,102.533447265625,26.729999542236328,2.93
2022-07-07,105.12677001953125,26.079999923706055,3.01
2022-07-08,104.79689025878906,24.639999389648438,3.09
2022-07-11,103.42233276367188,26.170000076293945,2.99
2022-07-12,103.52313232421875,27.290000915527344,2.96
2022-07-13,102.55177307128906,26.81999969482422,2.91
2022-07-14,98.96875,26.399999618530273,2.96
2022-07-15,103.50480651855469,24.229999542236328,2.93
2022-07-18,102.44178771972656,25.299999237060547,2.96
2022-07-19,104.98017120361328,24.5,3.01
2022-07-20,104.96183013916016,23.8799991607666,3.04
2022-07-21,105.6766128540039,23.110000610351562,2.91
2022-07-22,105.16345977783203,23.030000686645508,2.77
2022-07-25,105.58499145507812,23.360000610351562,2.81
2022-07-26,103.93549346923828,24.690000534057617,2.81
2022-07-27,105.60330963134766,23.239999771118164,2.78
2022-07-28,105.20924377441406,22.329999923706055,2.68
2022-07-29,105.71326446533203,21.329999923706055,2.67
2022-08-01,104.659423828125,22.84000015258789,2.6
2022-08-02,103.02828216552734,23.93000030517578,2.75
2022-08-03,104.10961151123047,21.950000762939453,2.73
2022-08-04,102.9641342163086,21.440000534057617,2.68
2022-08-05,106.07981872558594,21.149999618530273,2.83
2022-08-08,104.78772735595703,21.290000915527344,2.77
2022-08-09,105.7315902709961,21.770000457763672,2.8
2022-08-10,108.48988342285156,19.739999771118164,2.78
2022-08-11,110.09354400634766,20.200000762939453,2.87
2022-08-12,111.9171371459961,19.530000686645508,2.84
2022-08-15,112.21953582763672,19.950000762939453,2.79
2022-08-16,113.29171752929688,19.690000534057617,2.82
2022-08-17,112.33867645263672,19.899999618530273,2.89
2022-08-18,111.46810150146484,19.559999465942383,2.88
2022-08-19,108.7098159790039,20.600000381469727,2.98
2022-08-22,106.9137191772461,23.799999237060547,3.03
2022-08-23,105.85987091064453,24.110000610351562,3.05
2022-08-24,106.11648559570312,22.81999969482422,3.11
2022-08-25,108.63652038574219,21.780000686645508,3.03
2022-08-26,105.08097076416016,25.559999465942383,3.04
2022-08-29,104.82438659667969,26.209999084472656,3.12
2022-08-30,104.84272766113281,26.209999084472656,3.11
2022-08-31,104.21957397460938,25.8700008392334,3.15
2022-09-01,104.93436431884766,25.559999465942383,3.26
2022-09-02,104.2012710571289,25.469999313354492,3.2
2022-09-06,104.22872161865234,26.90999984741211,3.33
2022-09-07,106.20811462402344,24.639999389648438,3.27
2022-09-08,108.68233489990234,23.610000610351562,3.29
2022-09-09,109.20466613769531,22.790000915527344,3.33
2022-09-12,110.49675750732422,23.8700008392334,3.37
2022-09-13,106.65714263916016,27.270000457763672,3.42
2022-09-14,106.40972900390625,26.15999984741211,3.41
2022-09-15,108.01336669921875,26.270000457763672,3.45
2022-09-16,107.28944396972656,26.299999237060547,3.45
2022-09-19,108.27912139892578,25.760000228881836,3.49
2022-09-20,106.14395904541016,27.15999984741211,3.57
2022-09-21,103.08326721191406,27.989999771118164,3.51
2022-09-22,101.91030883789062,27.350000381469727,3.7
2022-09-23,100.01341247558594,29.920000076293945,3.69
2022-09-26,97.85991668701172,32.2599983215332,3.88
2022-09-27,96.99851989746094,32.599998474121094,3.97
2022-09-28,98.95956420898438,30.18000030517578,3.72
2022-09-29,97.28260803222656,31.84000015258789,3.76
2022-09-30,95.76141357421875,31.6200008392334,3.83
2022-10-03,98.7213134765625,30.100000381469727,3.67
2022-10-04,103.33985137939453,29.06999969482422,3.62
2022-10-05,102.0639419555664,28.549999237060547,3.76
2022-10-06,99.983642578125,30.520000457763672,3.83
2022-10-07,97.98656463623047,31.360000610351562,3.89
2022-10-10,97.07123565673828,32.45000076293945,
2022-10-11,94.26976776123047,33.630001068115234,3.93
2022-10-12,95.7953109741211,33.56999969482422,3.91
2022-10-13,101.1208724975586,31.940000534057617,3.97
2022-10-14,102.80360412597656,32.02000045776367,4.0
2022-10-17,107.1213607788086,31.3700008392334,4.02
2022-10-18,109.87659454345703,30.5,4.01
2022-10-19,107.72235107421875,30.760000228881836,4.14
2022-10-20,107.3709945678711,29.979999542236328,4.24
2022-10-21,113.01092529296875,29.690000534057617,4.21
2022-10-24,113.14961242675781,29.850000381469727,4.25
2022-10-25,113.44544982910156,28.459999084472656,4.1
2022-10-26,114.7491226196289,27.280000686645508,4.04
2022-10-27,115.20216369628906,27.389999389648438,3.96
2022-10-28,116.57054138183594,25.75,4.02
2022-10-31,116.38561248779297,25.8799991607666,4.1
2022-11-01,118.48440551757812,25.809999465942383,4.07
2022-11-02,117.39341735839844,25.860000610351562,4.1
2022-11-03,117.6060562133789,25.299999237060547,4.14
2022-11-04,120.8235855102539,24.549999237060547,4.17
2022-11-07,121.46154022216797,24.350000381469727,4.22
2022-11-08,121.53551483154297,25.540000915527344,4.14
2022-11-09,119.9544906616211,26.09000015258789,4.12
2022-11-10,124.89171600341797,23.530000686645508,3.82
2022-11-11,125.09513092041016,22.520000457763672,
2022-11-14,123.80997467041016,23.729999542236328,3.88
2022-11-15,122.91312408447266,24.540000915527344,3.8
2022-11-16,123.07953643798828,24.110000610351562,3.67
2022-11-17,122.54328155517578,23.93000030517578,3.77
2022-11-18,123.74522399902344,23.1200008392334,3.82
2022-11-21,123.01483154296875,22.360000610351562,3.83
2022-11-22,124.85472106933594,21.290000915527344,3.76
2022-11-23,126.18610382080078,20.350000381469727,3.71
2022-11-25,126.426513671875,20.5,3.68
2022-11-28,124.21678161621094,22.209999084472656,3.69
2022-11-29,126.26007080078125,21.889999389648438,3.75
2022-11-30,127.75790405273438,20.579999923706055,3.68
2022-12-01,125.96424865722656,19.84000015258789,3.53
2022-12-02,124.96569061279297,19.059999465942383,3.51
2022-12-05,121.46154022216797,20.75,3.6
2022-12-06,121.66496276855469,22.170000076293945,3.51
2022-12-07,121.58174896240234,22.68000030517578,3.42
2022-12-08,122.85765838623047,22.290000915527344,3.48
2022-12-09,122.19197845458984,22.829999923706055,3.57
2022-12-12,124.08734130859375,25.0,3.61
2022-12-13,123.96714782714844,22.549999237060547,3.51
2022-12-14,123.34767150878906,21.139999389648438,3.49
2022-12-15,120.2873306274414,22.829999923706055,3.44
2022-12-16,119.53841400146484,22.6200008392334,3.48
2022-12-19,120.25033569335938,22.420000076293945,3.57
2022-12-20,120.83283233642578,21.479999542236328,3.69
2022-12-21,122.19197845458984,20.06999969482422,3.68
2022-12-22,120.80509185791016,21.969999313354492,3.67
2022-12-23,121.37832641601562,20.8700008392334,3.75
2022-12-27,121.80363464355469,21.649999618530273,3.84
2022-12-28,122.46935272216797,22.139999389648438,3.88
2022-12-29,123.1720199584961,21.440000534057617,3.83
2022-12-30,123.98564147949219,21.670000076293945,3.88
2023-01-03,124.92871856689453,22.899999618530273,3.79
2023-01-04,126.09367370605469,22.010000228881836,3.69
2023-01-05,126.06572723388672,22.459999084472656,3.71
2023-01-06,128.47808837890625,21.1299991607666,3.55
2023-01-09,127.94718933105469,21.969999313354492,3.53
2023-01-10,129.09280395507812,20.579999923706055,3.61
2023-01-11,130.05215454101562,21.09000015258789,3.54
2023-01-12,129.92176818847656,18.829999923706055,3.43
2023-01-13,133.20030212402344,18.350000381469727,3.49
2023-01-17,131.1418914794922,19.360000610351562,3.53
2023-01-18,127.20204162597656,20.34000015258789,3.37
2023-01-19,125.50688171386719,20.520000457763672,3.39
2023-01-20,125.81423950195312,19.850000381469727,3.48
2023-01-23,127.85401916503906,19.809999465942383,3.52
2023-01-24,128.9530792236328,19.200000762939453,3.46
2023-01-25,129.5771026611328,19.079999923706055,3.46
2023-01-26,130.3781280517578,18.729999542236328,3.49
2023-01-27,130.69480895996094,18.510000228881836,3.52
2023-01-30,129.58642578125,19.940000534057617,3.55
2023-01-31,130.35951232910156,19.399999618530273,3.52
2023-02-01,130.01487731933594,17.8700008392334,3.39
2023-02-02,129.4095001220703,18.729999542236328,3.4
2023-02-03,131.4119873046875,18.329999923706055,3.53
2023-02-06,132.18507385253906,19.43000030517578,3.63
2023-02-07,133.79637145996094,18.65999984741211,3.67
2023-02-08,132.85568237304688,19.6299991607666,3.63
2023-02-09,130.78793334960938,20.709999084472656,3.67
2023-02-10,131.3654022216797,20.530000686645508,3.74
2023-02-13,132.7904815673828,20.34000015258789,3.72
2023-02-14,133.3772735595703,18.90999984741211,3.77
2023-02-15,133.93609619140625,18.229999542236328,3.81
2023-02-16,132.09190368652344,20.170000076293945,3.86
2023-02-17,132.48312377929688,20.020000457763672,3.82
2023-02-21,130.05215454101562,22.8700008392334,3.95
2023-02-22,129.05552673339844,22.290000915527344,3.93
2023-02-23,130.0894012451172,21.139999389648438,3.88
2023-02-24,131.26296997070312,21.670000076293945,3.95
2023-02-27,132.40859985351562,20.950000762939453,3.92
2023-02-28,133.51698303222656,20.700000762939453,3.92
2023-03-01,132.77183532714844,20.579999923706055,4.01
2023-03-02,131.39340209960938,19.59000015258789,4.08
2023-03-03,133.80569458007812,18.489999771118164,3.97
2023-03-06,133.02333068847656,18.610000610351562,3.98
2023-03-07,129.11143493652344,19.59000015258789,3.97
2023-03-08,128.34768676757812,19.110000610351562,3.98
2023-03-09,121.39938354492188,22.610000610351562,3.93
2023-03-10,124.48234558105469,24.799999237060547,3.7
2023-03-13,122.24696350097656,26.520000457763672,3.55
2023-03-14,125.38580322265625,23.729999542236328,3.64
2023-03-15,119.46206665039062,26.139999389648438,3.51
2023-03-16,121.78126525878906,22.989999771118164,3.56
2023-03-17,117.18012237548828,25.510000228881836,3.39
2023-03-20,118.41888427734375,24.149999618530273,3.47
2023-03-21,121.59500122070312,21.3799991607666,3.59
2023-03-22,118.45613861083984,22.260000228881836,3.48
2023-03-23,118.13946533203125,22.610000610351562,3.38
2023-03-24,116.34185028076172,21.739999771118164,3.38
2023-03-27,119.67628479003906,20.600000381469727,3.53
2023-03-28,120.03955078125,19.969999313354492,3.55
2023-03-29,120.2817153930664,19.1200008392334,3.57
2023-03-30,119.91844940185547,19.020000457763672,3.55
2023-03-31,121.37144470214844,18.700000762939453,3.48
2023-04-03,121.23173522949219,18.549999237060547,3.43
2023-04-04,119.61107635498047,19.0,3.35
2023-04-05,119.78944396972656,19.079999923706055,3.3
2023-04-06,119.65801239013672,18.399999618530273,3.3
2023-04-10,120.05227661132812,18.969999313354492,3.41
2023-04-11,120.64366912841797,19.100000381469727,3.43
2023-04-12,120.62489318847656,19.09000015258789,3.41
2023-04-13,121.08487701416016,17.799999237060547,3.45
2023-04-14,130.22792053222656,17.06999969482422,3.52
2023-04-17,131.2605438232422,16.950000762939453,3.6
2023-04-18,132.73431396484375,16.829999923706055,3.58
2023-04-19,132.56533813476562,16.459999084472656,3.6
2023-04-20,132.18048095703125,17.170000076293945,3.54
2023-04-21,131.92703247070312,16.770000457763672,3.57
2023-04-24,132.10537719726562,16.889999389648438,3.52
2023-04-25,129.23287963867188,18.760000228881836,3.4
2023-04-26,126.94242858886719,18.84000015258789,3.43
2023-04-27,128.65090942382812,17.030000686645508,3.53
2023-04-28,129.76797485351562,15.779999732971191,3.44
2023-05-01,132.54660034179688,16.079999923706055,3.59
2023-05-02,130.40631103515625,17.780000686645508,3.44
2023-05-03,127.646484375,18.34000015258789,3.38
2023-05-04,125.90045928955078,20.09000015258789,3.37
2023-05-05,128.3599090576172,17.190000534057617,3.44
2023-05-08,128.66970825195312,16.979999542236328,3.52
2023-05-09,128.0501251220703,17.709999084472656,3.53
2023-05-10,128.1158447265625,16.940000534057617,3.43
2023-05-11,127.71221160888672,16.93000030517578,3.39
2023-05-12,125.88170623779297,17.030000686645508,3.46
2023-05-15,126.94242858886719,17.1200008392334,3.5
2023-05-16,126.08822631835938,17.989999771118164,3.54
2023-05-17,129.96511840820312,16.8700008392334,3.57
2023-05-18,130.95079040527344,16.049999237060547,3.65
2023-05-19,130.6503448486328,16.809999465942383,3.7
2023-05-22,129.5708465576172,17.209999084472656,3.72
2023-05-23,128.2191162109375,18.530000686645508,3.7
2023-05-24,127.04569244384766,20.030000686645508,3.73
2023-05-25,127.35548400878906,19.139999389648438,3.83
2023-05-26,128.54766845703125,17.950000762939453,3.8
2023-05-30,129.03579711914062,17.459999084472656,3.69
2023-05-31,127.39303588867188,17.940000534057617,3.64
2023-06-01,129.1484375,15.649999618530273,3.61
2023-06-02,131.861328125,14.600000381469727,3.69
2023-06-05,130.56590270996094,14.729999542236328,3.69
2023-06-06,130.8005828857422,13.960000038146973,3.7
2023-06-07,132.06781005859375,13.9399995803833,3.79
2023-06-08,132.10537719726562,13.649999618530273,3.73
2023-06-09,132.36819458007812,13.829999923706055,3.75
2023-06-12,132.3588104248047,15.010000228881836,3.73
2023-06-13,133.3163299560547,14.609999656677246,3.84
2023-06-14,132.81881713867188,13.880000114440918,3.83
2023-06-15,134.3207244873047,14.5,3.72
2023-06-16,134.48031616210938,13.539999961853027,3.77
2023-06-20,133.7950439453125,13.880000114440918,3.74
2023-06-21,133.59796142578125,13.199999809265137,3.72
2023-06-22,131.02586364746094,12.90999984741211,3.8
2023-06-23,130.34060668945312,13.4399995803833,3.74
2023-06-26,130.65975952148438,14.25,3.72
2023-06-27,130.66917419433594,13.739999771118164,3.77
2023-06-28,130.0965118408203,13.430000305175781,3.71
2023-06-29,134.6399383544922,13.539999961853027,3.85
2023-06-30,136.5267333984375,13.59000015258789,3.81
2023-07-03,137.62503051757812,13.569999694824219,3.86
2023-07-05,136.70822143554688,14.180000305175781,3.95
2023-07-06,135.3566436767578,15.4399995803833,4.05
2023-07-07,136.42466735839844,14.829999923706055,4.06
2023-07-10,137.19024658203125,15.069999694824219,4.01
2023-07-11,139.33575439453125,14.84000015258789,3.99
2023-07-12,140.02572631835938,13.539999961853027,3.86
2023-07-13,140.70623779296875,13.609999656677246,3.76
2023-07-14,141.556884765625,13.34000015258789,3.83
2023-07-17,144.9689483642578,13.479999542236328,3.81
2023-07-18,145.2335968017578,13.300000190734863,3.8
2023-07-19,145.79119873046875,13.760000228881836,3.75
2023-07-20,147.58705139160156,13.989999771118164,3.85
2023-07-21,146.45281982421875,13.600000381469727,3.84
2023-07-24,149.33558654785156,13.90999984741211,3.86
2023-07-25,148.22027587890625,13.859999656677246,3.91
2023-07-26,149.10873413085938,13.1899995803833,3.86
2023-07-27,147.4641571044922,14.40999984741211,4.01
2023-07-28,148.30535888671875,13.329999923706055,3.96
2023-07-31,149.29779052734375,13.630000114440918,3.97
2023-08-01,148.560546875,13.930000305175781,4.05
2023-08-02,146.87814331054688,16.09000015258789,4.08
2023-08-03,147.7760772705078,15.920000076293945,4.2
2023-08-04,147.4641571044922,17.100000381469727,4.05
2023-08-07,148.16357421875,15.770000457763672,4.09
2023-08-08,147.33184814453125,15.989999771118164,4.02
2023-08-09,145.3564453125,15.960000038146973,4.0
2023-08-10,145.13905334472656,15.850000381469727,4.09
2023-08-11,145.98028564453125,14.84000015258789,4.16
2023-08-14,146.28269958496094,14.819999694824219,4.19
2023-08-15,142.55877685546875,16.459999084472656,4.21
2023-08-16,141.95387268066406,16.780000686645508,4.28
2023-08-17,140.4794158935547,17.889999389648438,4.3
2023-08-18,140.80076599121094,17.299999237060547,4.26
2023-08-21,141.28280639648438,17.1299991607666,4.34
2023-08-22,138.35279846191406,16.969999313354492,4.34
2023-08-23,139.2884979248047,15.979999542236328,4.19
2023-08-24,139.1561737060547,17.200000762939453,4.23
2023-08-25,138.98606872558594,15.680000305175781,4.25
2023-08-28,139.46810913085938,15.079999923706055,4.2
2023-08-29,140.602294921875,14.449999809265137,4.12
2023-08-30,140.03517150878906,13.880000114440918,4.12
2023-08-31,138.3055419921875,13.569999694824219,4.09
2023-09-01,138.76866149902344,13.09000015258789,4.18
2023-09-05,137.2374725341797,14.010000228881836,4.27
2023-09-06,137.01068115234375,14.449999809265137,4.3
2023-09-07,135.8386688232422,14.399999618530273,4.27
2023-09-08,135.942626953125,13.84000015258789,4.26
2023-09-11,136.53810119628906,13.800000190734863,4.29
2023-09-12,138.31500244140625,14.229999542236328,4.27
2023-09-13,138.3811798095703,13.479999542236328,4.25
2023-09-14,141.06539916992188,12.819999694824219,4.29
2023-09-15,140.6495361328125,13.789999961853027,4.33
2023-09-18,140.94253540039062,14.0,4.32
2023-09-19,140.76295471191406,14.109999656677246,4.37
2023-09-20,140.16749572753906,15.140000343322754,4.35
2023-09-21,139.0711212158203,17.540000915527344,4.49
2023-09-22,137.7384490966797,17.200000762939453,4.44
2023-09-25,138.41896057128906,16.899999618530273,4.55
2023-09-26,136.98231506347656,18.940000534057617,4.56
2023-09-27,137.78570556640625,18.219999313354492,4.61
2023-09-28,139.4964599609375,17.34000015258789,4.59
2023-09-29,137.06741333007812,17.520000457763672,4.59
2023-10-02,135.8859405517578,17.610000610351562,4.69
2023-10-03,134.88406372070312,19.780000686645508,4.81
2023-10-04,135.48898315429688,18.579999923706055,4.73
2023-10-05,136.0602264404297,18.489999771118164,4.72
2023-10-06,138.1549530029297,17.450000762939453,4.78
2023-10-09,137.8407440185547,17.700000762939453,
2023-10-10,138.67860412597656,17.030000686645508,4.66
2023-10-11,139.15467834472656,16.09000015258789,4.58
2023-10-12,138.83096313476562,16.690000534057617,4.7
2023-10-13,140.9161376953125,19.31999969482422,4.63
2023-10-16,140.7733154296875,17.209999084472656,4.71
2023-10-17,140.46864318847656,17.8799991607666,4.83
2023-10-18,138.92617797851562,19.219999313354492,4.91
2023-10-19,138.3358612060547,21.399999618530273,4.98
2023-10-20,136.1078338623047,21.709999084472656,4.93
2023-10-23,134.2511749267578,20.3700008392334,4.86
2023-10-24,134.41302490234375,18.969999313354492,4.83
2023-10-25,133.67990112304688,20.190000534057617,4.95
2023-10-26,134.02268981933594,20.68000030517578,4.86
2023-10-27,129.19534301757812,21.270000457763672,4.84
2023-10-30,130.842529296875,19.75,4.88
2023-10-31,132.404052734375,18.139999389648438,4.88
2023-11-01,132.289794921875,16.8700008392334,4.77
2023-11-02,134.6510467529297,15.65999984741211,4.67
2023-11-03,136.1554718017578,14.90999984741211,4.57
2023-11-06,137.1837615966797,14.890000343322754,4.67
2023-11-07,137.1171112060547,14.8100004196167,4.58
2023-11-08,137.79312133789062,14.449999809265137,4.49
2023-11-09,137.38369750976562,15.289999961853027,4.62
2023-11-10,139.4212646484375,14.170000076293945,4.61
2023-11-13,138.8024139404297,14.760000228881836,4.63
2023-11-14,141.33506774902344,14.15999984741211,4.44
2023-11-15,142.57284545898438,14.180000305175781,4.53
2023-11-16,144.2010040283203,14.319999694824219,4.45
2023-11-17,145.5054473876953,13.800000190734863,4.44
2023-11-20,145.95291137695312,13.40999984741211,4.42
2023-11-21,145.64825439453125,13.350000381469727,4.41
2023-11-22,145.9910430908203,12.850000381469727,4.42
2023-11-24,146.1909942626953,12.460000038146973,4.47
2023-11-27,145.8577423095703,12.6899995803833,4.39
2023-11-28,146.1909942626953,12.6899995803833,4.34
2023-11-29,146.9336700439453,12.979999542236328,4.27
2023-11-30,148.609375,12.920000076293945,4.37
2023-12-01,149.3330078125,12.630000114440918,4.22
2023-12-04,150.427978515625,13.079999923706055,4.28
2023-12-05,150.408935546875,12.850000381469727,4.18
2023-12-06,148.82839965820312,12.970000267028809,4.12
2023-12-07,149.28538513183594,13.0600004196167,4.14
2023-12-08,150.93263244628906,12.350000381469727,4.23
2023-12-11,151.48484802246094,12.630000114440918,4.23
2023-12-12,152.83688354492188,12.069999694824219,4.2
2023-12-13,153.35105895996094,12.1899995803833,4.04
2023-12-14,156.14080810546875,12.479999542236328,3.92
2023-12-15,157.32144165039062,12.279999732971191,3.91
2023-12-18,158.27357482910156,12.5600004196167,3.95
2023-12-19,160.38729858398438,12.529999732971191,3.93
2023-12-20,158.57826232910156,13.670000076293945,3.86
2023-12-21,159.4827880859375,13.649999618530273,3.89
2023-12-22,159.3875732421875,13.029999732971191,3.9
2023-12-26,160.33021545410156,12.989999771118164,3.89
2023-12-27,161.29183959960938,12.430000305175781,3.79
2023-12-28,162.14877319335938,12.470000267028809,3.84
2023-12-29,161.95835876464844,12.449999809265137,3.88
2024-01-02,163.84359741210938,13.199999809265137,3.95
2024-01-03,163.12945556640625,14.039999961853027,3.91
2024-01-04,164.21202087402344,14.130000114440918,3.99
2024-01-05,165.03591918945312,13.350000381469727,4.05
2024-01-08,164.79641723632812,13.079999923706055,4.01
2024-01-09,163.49354553222656,12.760000228881836,4.02
2024-01-10,163.83839416503906,12.6899995803833,4.04
2024-01-11,163.1486358642578,12.4399995803833,3.98
2024-01-12,161.95111083984375,12.699999809265137,3.96
2024-01-16,160.9356689453125,13.84000015258789,4.07
2024-01-17,160.0734100341797,14.789999961853027,4.1
2024-01-18,160.3895721435547,14.130000114440918,4.14
2024-01-19,163.158203125,13.300000190734863,4.15
2024-01-22,162.96661376953125,13.1899995803833,4.11
2024-01-23,161.89364624023438,12.550000190734863,4.14
2024-01-24,163.34024047851562,13.140000343322754,4.18
2024-01-25,165.6777801513672,13.449999809265137,4.14
2024-01-26,165.0454864501953,13.260000228881836,4.15
2024-01-29,165.47657775878906,13.600000381469727,4.08
2024-01-30,168.86793518066406,13.3100004196167,4.06
2024-01-31,167.03814697265625,14.350000381469727,3.99
2024-02-01,166.43458557128906,13.880000114440918,3.87
2024-02-02,167.39260864257812,13.850000381469727,4.03
2024-02-05,167.17225646972656,13.670000076293945,4.17
2024-02-06,167.74708557128906,13.0600004196167,4.09
2024-02-07,168.06321716308594,12.829999923706055,4.09
2024-02-08,167.4596710205078,12.789999961853027,4.15
2024-02-09,167.6608428955078,12.930000305175781,4.17
2024-02-12,168.40809631347656,13.930000305175781,4.17
2024-02-13,166.9423370361328,15.850000381469727,4.31
2024-02-14,168.6380157470703,14.380000114440918,4.27
2024-02-15,172.31675720214844,14.010000228881836,4.24
2024-02-16,171.51202392578125,14.239999771118164,4.3
2024-02-20,172.18263244628906,15.420000076293945,4.27
2024-02-21,173.30349731445312,15.34000015258789,4.32
2024-02-22,175.3824005126953,14.539999961853027,4.33
2024-02-23,176.2637481689453,13.75,4.26
2024-02-26,175.66021728515625,13.739999771118164,4.28
2024-02-27,175.74642944335938,13.430000305175781,4.31
2024-02-28,176.6373748779297,13.84000015258789,4.27
2024-02-29,178.24684143066406,13.399999618530273,4.25
2024-03-01,177.50914001464844,13.109999656677246,4.19
2024-03-04,178.8407745361328,13.489999771118164,4.22
2024-03-05,180.6322784423828,14.460000038146973,4.13
2024-03-06,181.57110595703125,14.5,4.11
2024-03-07,179.9808349609375,14.4399995803833,4.09
2024-03-08,180.31614685058594,14.739999771118164,4.09
2024-03-11,180.3831787109375,15.220000267028809,4.1
2024-03-12,181.86810302734375,13.84000015258789,4.16
2024-03-13,183.3434295654297,13.75,4.19
2024-03-14,180.07659912109375,14.399999618530273,4.29
2024-03-15,182.30877685546875,14.40999984741211,4.31
2024-03-18,184.56967163085938,14.329999923706055,4.34
2024-03-19,185.6522216796875,13.819999694824219,4.3
2024-03-20,188.08558654785156,13.039999961853027,4.27
2024-03-21,190.70091247558594,12.920000076293945,4.27
2024-03-22,188.36338806152344,13.0600004196167,4.22
2024-03-25,186.6389923095703,13.1899995803833,4.25
2024-03-26,187.51077270507812,13.239999771118164,4.24
2024-03-27,191.14158630371094,12.779999732971191,4.2
2024-03-28,191.8888702392578,13.010000228881836,4.2
2024-04-01,190.58595275878906,13.649999618530273,4.33
2024-04-02,190.5093231201172,14.609999656677246,4.36
2024-04-03,189.9728240966797,14.329999923706055,4.36
2024-04-04,188.52743530273438,16.350000381469727,4.31
2024-04-05,190.2619171142578,16.030000686645508,4.39
2024-04-08,191.2544403076172,15.1899995803833,4.42
2024-04-09,189.9728546142578,14.979999542236328,4.36
2024-04-10,188.35400390625,15.800000190734863,4.55
2024-04-11,188.3154296875,14.90999984741211,4.56
2024-04-12,176.13560485839844,17.309999465942383,4.5
2024-04-15,176.23194885253906,19.229999542236328,4.63
2024-04-16,174.2180938720703,18.399999618530273,4.67
2024-04-17,173.52427673339844,18.209999084472656,4.59
2024-04-18,174.65167236328125,18.0,4.64
2024-04-19,179.03602600097656,18.709999084472656,4.62
2024-04-22,182.51461791992188,16.940000534057617,4.62
2024-04-23,185.1452178955078,15.6899995803833,4.61
2024-04-24,186.051025390625,15.970000267028809,4.65
2024-04-25,186.3304443359375,15.369999885559082,4.7
2024-04-26,186.44610595703125,15.029999732971191,4.67
2024-04-29,186.24371337890625,14.670000076293945,4.63
2024-04-30,184.75979614257812,15.649999618530273,4.69
2024-05-01,184.87542724609375,15.390000343322754,4.63
2024-05-02,184.68270874023438,14.680000305175781,4.58
2024-05-03,183.57456970214844,13.489999771118164,4.5
2024-05-06,185.01031494140625,13.489999771118164,4.49
2024-05-07,184.76942443847656,13.229999542236328,4.47
2024-05-08,188.52743530273438,13.0,4.48
2024-05-09,190.31007385253906,12.6899995803833,4.45
2024-05-10,191.5338897705078,12.550000190734863,4.5
2024-05-13,191.49533081054688,13.600000381469727,4.48
2024-05-14,194.17410278320312,13.420000076293945,4.45
2024-05-15,194.7522735595703,12.449999809265137,4.36
2024-05-16,195.09915161132812,12.420000076293945,4.38
2024-05-17,197.334716796875,11.989999771118164,4.42
2024-05-20,188.45999145507812,12.149999618530273,4.44
2024-05-21,192.2565460205078,11.859999656677246,4.41
2024-05-22,191.0906219482422,12.289999961853027,4.43
2024-05-23,189.751220703125,12.770000457763672,4.47
2024-05-24,193.4032440185547,11.930000305175781,4.46
2024-05-28,192.23727416992188,12.920000076293945,4.54
2024-05-29,190.8978729248047,14.279999732971191,4.61
2024-05-30,192.07347106933594,14.470000267028809,4.55
2024-05-31,195.2533416748047,12.920000076293945,4.51
2024-06-03,194.47283935546875,13.109999656677246,4.41
2024-06-04,191.90968322753906,13.15999984741211,4.33
2024-06-05,190.07884216308594,12.630000114440918,4.29
2024-06-06,189.74159240722656,12.579999923706055,4.28
2024-06-07,192.6708984375,12.220000267028809,4.43
2024-06-10,192.34329223632812,12.739999771118164,4.47
2024-06-11,187.28440856933594,12.850000381469727,4.39
2024-06-12,184.55743408203125,12.039999961853027,4.31
2024-06-13,186.60989379882812,11.9399995803833,4.24
2024-06-14,186.7255401611328,12.65999984741211,4.2
2024-06-17,187.88185119628906,12.75,4.28
2024-06-18,189.82830810546875,12.300000190734863,4.22
2024-06-20,191.43748474121094,13.279999732971191,4.25
2024-06-21,189.15379333496094,13.199999809265137,4.25
2024-06-24,191.63987731933594,13.329999923706055,4.25
2024-06-25,190.85934448242188,12.84000015258789,4.23
2024-06-26,190.24264526367188,12.550000190734863,4.32
2024-06-27,191.9193115234375,12.239999771118164,4.29
2024-06-28,194.89682006835938,12.4399995803833,4.36
2024-07-01,197.9706573486328,12.220000267028809,4.48
2024-07-02,201.22763061523438,12.029999732971191,4.43
2024-07-03,201.0927276611328,12.09000015258789,4.36
2024-07-05,198.4281768798828,12.479999542236328,4.28
2024-07-08,198.79635620117188,12.369999885559082,4.28
2024-07-09,201.17994689941406,12.510000228881836,4.3
2024-07-10,201.3446807861328,12.850000381469727,4.28
2024-07-11,201.0055389404297,12.920000076293945,4.2
2024-07-12,198.57350158691406,12.460000038146973,4.18
2024-07-15,203.52476501464844,13.119999885559082,4.23
2024-07-16,206.98385620117188,13.1899995803833,4.17
2024-07-17,210.1328887939453,14.479999542236328,4.16
2024-07-18,203.45693969726562,15.930000305175781,4.2
2024-07-19,203.2631378173828,16.520000457763672,4.25
2024-07-22,203.7476043701172,14.90999984741211,4.26
2024-07-23,203.7960662841797,14.720000267028809,4.25
2024-07-24,202.11012268066406,18.040000915527344,4.28
2024-07-25,202.1876220703125,18.459999084472656,4.27
2024-07-26,205.646728515625,16.389999389648438,4.2
2024-07-29,204.29991149902344,16.600000381469727,4.17
2024-07-30,208.5050811767578,17.690000534057617,4.15
2024-07-31,206.18934631347656,16.360000610351562,4.09
2024-08-01,201.4996795654297,18.59000015258789,3.99
2024-08-02,192.9536895751953,23.389999389648438,3.8
2024-08-05,188.8453826904297,38.56999969482422,3.78
2024-08-06,194.11639404296875,27.709999084472656,3.9
2024-08-07,194.1745147705078,27.850000381469727,3.96
2024-08-08,197.7208251953125,23.790000915527344,3.99
2024-08-09,199.40676879882812,20.3700008392334,3.94
2024-08-12,199.78468322753906,20.709999084472656,3.9
2024-08-13,201.48031616210938,18.1200008392334,3.85
2024-08-14,203.7088623046875,16.190000534057617,3.83
2024-08-15,204.97817993164062,15.229999542236328,3.92
2024-08-16,207.32298278808594,14.800000190734863,3.89
2024-08-19,208.75698852539062,14.649999618530273,3.86
2024-08-20,207.85589599609375,15.880000114440918,3.82
2024-08-21,207.93341064453125,16.270000457763672,3.79
2024-08-22,209.90036010742188,17.549999237060547,3.86
2024-08-23,211.52816772460938,15.859999656677246,3.81
2024-08-26,212.36143493652344,16.149999618530273,3.82
2024-08-27,213.34005737304688,15.430000305175781,3.83
2024-08-28,214.41558837890625,17.110000610351562,3.84
2024-08-29,215.3070068359375,15.649999618530273,3.87
2024-08-30,217.81655883789062,15.0,3.91
2024-09-03,213.4563446044922,20.719999313354492,3.84
2024-09-04,212.5164794921875,21.31999969482422,3.77
2024-09-05,210.86929321289062,19.899999618530273,3.73
2024-09-06,205.85989379882812,22.3799991607666,3.72
2024-09-09,210.0747528076172,19.450000762939453,3.7
2024-09-10,199.1742401123047,19.079999923706055,3.65
2024-09-11,200.7923583984375,17.690000534057617,3.65
2024-09-12,200.18194580078125,17.06999969482422,3.68
2024-09-13,197.97274780273438,16.559999465942383,3.66
2024-09-16,201.40280151367188,17.139999389648438,3.63
2024-09-17,202.74960327148438,17.610000610351562,3.65
2024-09-18,201.08303833007812,18.229999542236328,3.7
2024-09-19,203.94139099121094,16.329999923706055,3.73
2024-09-20,204.53244018554688,16.149999618530273,3.73
2024-09-23,204.87158203125,15.890000343322754,3.75
2024-09-24,205.0169219970703,15.390000343322754,3.74
2024-09-25,203.660400390625,15.40999984741211,3.79
2024-09-26,203.2631378173828,15.369999885559082,3.79
2024-09-27,203.96078491210938,16.959999084472656,3.75
2024-09-30,204.30960083007812,16.729999542236328,3.81
2024-10-01,200.60824584960938,19.260000228881836,3.74
2024-10-02,200.85049438476562,18.899999618530273,3.79
2024-10-03,198.8544921875,20.489999771118164,3.85
2024-10-04,205.9125518798828,19.209999084472656,3.98
2024-10-07,205.6298370361328,22.639999389648438,4.03
2024-10-08,205.45437622070312,21.420000076293945,4.04
2024-10-09,208.0572967529297,20.860000610351562,4.06
2024-10-10,207.49185180664062,20.93000030517578,4.09
2024-10-11,216.7043914794922,20.459999084472656,4.08
2024-10-14,215.9147491455078,19.700000762939453,
2024-10-15,216.80189514160156,20.639999389648438,4.03
2024-10-16,218.02047729492188,19.579999923706055,4.02
2024-10-17,218.7808837890625,19.110000610351562,4.09
2024-10-18,219.70700073242188,18.030000686645508,4.08
2024-10-21,217.3965606689453,18.3700008392334,4.19
2024-10-22,218.48841857910156,18.200000762939453,4.2
2024-10-23,217.7962646484375,19.239999771118164,4.24
2024-10-24,219.32681274414062,19.079999923706055,4.21
2024-10-25,216.72390747070312,20.329999923706055,4.25
2024-10-28,219.83375549316406,19.799999237060547,4.28
2024-10-29,217.299072265625,19.34000015258789,4.28
2024-10-30,218.77114868164062,20.350000381469727,4.29
2024-10-31,216.34368896484375,23.15999984741211,4.28
2024-11-01,217.33807373046875,21.8799991607666,4.37
2024-11-04,214.25746154785156,21.979999542236328,4.31
2024-11-05,215.92449951171875,20.489999771118164,4.26
2024-11-06,240.85198974609375,16.270000457763672,4.42
2024-11-07,230.4403533935547,15.199999809265137,4.31
2024-11-08,231.0252685546875,14.9399995803833,4.3
2024-11-11,233.27723693847656,14.970000267028809,
2024-11-12,233.54043579101562,14.710000038146973,4.43
2024-11-13,235.10023498535156,14.020000457763672,4.44
2024-11-14,235.7924041748047,14.3100004196167,4.43
2024-11-15,239.14596557617188,16.139999389648438,4.43
2024-11-18,238.8729705810547,15.579999923706055,4.42
2024-11-19,236.9817352294922,16.350000381469727,4.39
2024-11-20,234.7297821044922,17.15999984741211,4.41
2024-11-21,238.6097869873047,16.8700008392334,4.43
2024-11-22,242.30455017089844,15.239999771118164,4.41
2024-11-25,244.0008087158203,14.600000381469727,4.27
2024-11-26,243.68887329101562,14.100000381469727,4.3
2024-11-27,243.51339721679688,14.100000381469727,4.25
2024-11-29,243.44515991210938,13.510000228881836,4.18
2024-12-02,240.0623321533203,13.34000015258789,4.19
2024-12-03,238.6682891845703,13.300000190734863,4.23
2024-12-04,237.28395080566406,13.449999809265137,4.19
2024-12-05,239.31170654296875,13.539999961853027,4.17
2024-12-06,241.14447021484375,12.770000457763672,4.15
2024-12-09,237.6836395263672,14.1899995803833,4.2
2024-12-10,236.7575225830078,14.180000305175781,4.22
2024-12-11,237.41067504882812,13.579999923706055,4.26
2024-12-12,235.46095275878906,13.920000076293945,4.32
2024-12-13,233.91090393066406,13.8100004196167,4.4
2024-12-16,233.5599365234375,14.6899995803833,4.39
2024-12-17,232.37059020996094,15.869999885559082,4.4
2024-12-18,224.5813751220703,27.6200008392334,4.5
2024-12-19,227.1062774658203,24.09000015258789,4.57
2024-12-20,231.62969970703125,18.360000610351562,4.52
2024-12-23,232.39984130859375,16.780000686645508,4.59
2024-12-24,236.22134399414062,14.270000457763672,4.59
2024-12-26,237.03048706054688,14.729999542236328,4.58
2024-12-27,235.10997009277344,15.949999809265137,4.62
2024-12-30,233.30648803710938,17.399999618530273,4.55
